period,metric,estimator,estimate,truth,n,label_coverage
2007Q1,roc_auc,reference,0.8191132911091004,0.7785507244798738,12137,0.9988465024305841
2007Q1,roc_auc,recent_arrivals,0.8461212576428422,0.7785507244798738,12137,0.9988465024305841
2007Q1,roc_auc,latest_complete_cohort,0.8153975217636461,0.7785507244798738,12137,0.9988465024305841
2007Q1,roc_auc,cbpe,0.8115557631201545,0.7785507244798738,12137,0.9988465024305841
2007Q1,roc_auc,atc,,0.7785507244798738,12137,0.9988465024305841
2007Q1,roc_auc,doc,,0.7785507244798738,12137,0.9988465024305841
2007Q1,roc_auc,da_cbpe,0.8114482224847278,0.7785507244798738,12137,0.9988465024305841
2007Q1,roc_auc,da_cbpe_hz,0.8115171849038864,0.7785507244798738,12137,0.9988465024305841
2007Q1,prevalence,reference,0.007775629430965301,0.02565371607687866,12137,0.9988465024305841
2007Q1,prevalence,recent_arrivals,0.012039660056657223,0.02565371607687866,12137,0.9988465024305841
2007Q1,prevalence,latest_complete_cohort,0.014675592173017508,0.02565371607687866,12137,0.9988465024305841
2007Q1,prevalence,cbpe,0.009612412828021019,0.02565371607687866,12137,0.9988465024305841
2007Q1,prevalence,atc,,0.02565371607687866,12137,0.9988465024305841
2007Q1,prevalence,doc,,0.02565371607687866,12137,0.9988465024305841
2007Q1,prevalence,da_cbpe,0.012363946775852477,0.02565371607687866,12137,0.9988465024305841
2007Q1,prevalence,da_cbpe_hz,0.009626558547242425,0.02565371607687866,12137,0.9988465024305841
2007Q2,roc_auc,reference,0.8191132911091004,0.7785532065949103,13082,0.9993884727105947
2007Q2,roc_auc,recent_arrivals,0.8509265901482546,0.7785532065949103,13082,0.9993884727105947
2007Q2,roc_auc,latest_complete_cohort,0.7835050308575272,0.7785532065949103,13082,0.9993884727105947
2007Q2,roc_auc,cbpe,0.8125511251660394,0.7785532065949103,13082,0.9993884727105947
2007Q2,roc_auc,atc,,0.7785532065949103,13082,0.9993884727105947
2007Q2,roc_auc,doc,,0.7785532065949103,13082,0.9993884727105947
2007Q2,roc_auc,da_cbpe,0.8124553251148892,0.7785532065949103,13082,0.9993884727105947
2007Q2,roc_auc,da_cbpe_hz,0.8125199574765011,0.7785532065949103,13082,0.9993884727105947
2007Q2,prevalence,reference,0.007775629430965301,0.032889704757534034,13082,0.9993884727105947
2007Q2,prevalence,recent_arrivals,0.010682417996732438,0.032889704757534034,13082,0.9993884727105947
2007Q2,prevalence,latest_complete_cohort,0.010479041916167664,0.032889704757534034,13082,0.9993884727105947
2007Q2,prevalence,cbpe,0.0098817445819644,0.032889704757534034,13082,0.9993884727105947
2007Q2,prevalence,atc,,0.032889704757534034,13082,0.9993884727105947
2007Q2,prevalence,doc,,0.032889704757534034,13082,0.9993884727105947
2007Q2,prevalence,da_cbpe,0.015241398280049773,0.032889704757534034,13082,0.9993884727105947
2007Q2,prevalence,da_cbpe_hz,0.009626236511894174,0.032889704757534034,13082,0.9993884727105947
2007Q3,roc_auc,reference,0.8191132911091004,0.7666515385437647,12390,0.999273607748184
2007Q3,roc_auc,recent_arrivals,0.8687152232270137,0.7666515385437647,12390,0.999273607748184
2007Q3,roc_auc,latest_complete_cohort,0.8107223628899433,0.7666515385437647,12390,0.999273607748184
2007Q3,roc_auc,cbpe,0.810493045976688,0.7666515385437647,12390,0.999273607748184
2007Q3,roc_auc,atc,,0.7666515385437647,12390,0.999273607748184
2007Q3,roc_auc,doc,,0.7666515385437647,12390,0.999273607748184
2007Q3,roc_auc,da_cbpe,0.8105097393370818,0.7666515385437647,12390,0.999273607748184
2007Q3,roc_auc,da_cbpe_hz,0.8104851561602907,0.7666515385437647,12390,0.999273607748184
2007Q3,prevalence,reference,0.007775629430965301,0.044988288506582666,12390,0.999273607748184
2007Q3,prevalence,recent_arrivals,0.0165415297982168,0.044988288506582666,12390,0.999273607748184
2007Q3,prevalence,latest_complete_cohort,0.008796296296296297,0.044988288506582666,12390,0.999273607748184
2007Q3,prevalence,cbpe,0.011245935714438876,0.044988288506582666,12390,0.999273607748184
2007Q3,prevalence,atc,,0.044988288506582666,12390,0.999273607748184
2007Q3,prevalence,doc,,0.044988288506582666,12390,0.999273607748184
2007Q3,prevalence,da_cbpe,0.01944692797176317,0.044988288506582666,12390,0.999273607748184
2007Q3,prevalence,da_cbpe_hz,0.014050734601445238,0.044988288506582666,12390,0.999273607748184
2007Q4,roc_auc,reference,0.8191132911091004,0.7751913439886972,12400,0.9984677419354838
2007Q4,roc_auc,recent_arrivals,0.8122235376303758,0.7751913439886972,12400,0.9984677419354838
2007Q4,roc_auc,latest_complete_cohort,0.7717610225449508,0.7751913439886972,12400,0.9984677419354838
2007Q4,roc_auc,cbpe,0.8093438392160818,0.7751913439886972,12400,0.9984677419354838
2007Q4,roc_auc,atc,,0.7751913439886972,12400,0.9984677419354838
2007Q4,roc_auc,doc,,0.7751913439886972,12400,0.9984677419354838
2007Q4,roc_auc,da_cbpe,0.8095803919549904,0.7751913439886972,12400,0.9984677419354838
2007Q4,roc_auc,da_cbpe_hz,0.8095317073280024,0.7751913439886972,12400,0.9984677419354838
2007Q4,prevalence,reference,0.007775629430965301,0.06308052661335918,12400,0.9984677419354838
2007Q4,prevalence,recent_arrivals,0.01888748128527007,0.06308052661335918,12400,0.9984677419354838
2007Q4,prevalence,latest_complete_cohort,0.013513513513513514,0.06308052661335918,12400,0.9984677419354838
2007Q4,prevalence,cbpe,0.012255597209007275,0.06308052661335918,12400,0.9984677419354838
2007Q4,prevalence,atc,,0.06308052661335918,12400,0.9984677419354838
2007Q4,prevalence,doc,,0.06308052661335918,12400,0.9984677419354838
2007Q4,prevalence,da_cbpe,0.02151704266428765,0.06308052661335918,12400,0.9984677419354838
2007Q4,prevalence,da_cbpe_hz,0.019712598678283413,0.06308052661335918,12400,0.9984677419354838
2008Q1,roc_auc,reference,0.8191132911091004,0.7755603278355784,11269,0.9992013488330819
2008Q1,roc_auc,recent_arrivals,0.7958381299263368,0.7755603278355784,11269,0.9992013488330819
2008Q1,roc_auc,latest_complete_cohort,0.7800995024875623,0.7755603278355784,11269,0.9992013488330819
2008Q1,roc_auc,cbpe,0.8188594938059853,0.7755603278355784,11269,0.9992013488330819
2008Q1,roc_auc,atc,,0.7755603278355784,11269,0.9992013488330819
2008Q1,roc_auc,doc,,0.7755603278355784,11269,0.9992013488330819
2008Q1,roc_auc,da_cbpe,0.8186900490836837,0.7755603278355784,11269,0.9992013488330819
2008Q1,roc_auc,da_cbpe_hz,0.8187252430205944,0.7755603278355784,11269,0.9992013488330819
2008Q1,prevalence,reference,0.007775629430965301,0.06625222024866785,11269,0.9992013488330819
2008Q1,prevalence,recent_arrivals,0.016098484848484848,0.06625222024866785,11269,0.9992013488330819
2008Q1,prevalence,latest_complete_cohort,0.016637695555003724,0.06625222024866785,11269,0.9992013488330819
2008Q1,prevalence,cbpe,0.009916574991729685,0.06625222024866785,11269,0.9992013488330819
2008Q1,prevalence,atc,,0.06625222024866785,11269,0.9992013488330819
2008Q1,prevalence,doc,,0.06625222024866785,11269,0.9992013488330819
2008Q1,prevalence,da_cbpe,0.025670437565674678,0.06625222024866785,11269,0.9992013488330819
2008Q1,prevalence,da_cbpe_hz,0.021670090158988672,0.06625222024866785,11269,0.9992013488330819
2008Q2,roc_auc,reference,0.8191132911091004,0.7887930996854684,14543,0.9987622911366293
2008Q2,roc_auc,recent_arrivals,0.8166471152698322,0.7887930996854684,14543,0.9987622911366293
2008Q2,roc_auc,latest_complete_cohort,0.8241692291093489,0.7887930996854684,14543,0.9987622911366293
2008Q2,roc_auc,cbpe,0.832547289163849,0.7887930996854684,14543,0.9987622911366293
2008Q2,roc_auc,atc,,0.7887930996854684,14543,0.9987622911366293
2008Q2,roc_auc,doc,,0.7887930996854684,14543,0.9987622911366293
2008Q2,roc_auc,da_cbpe,0.8301776325953363,0.7887930996854684,14543,0.9987622911366293
2008Q2,roc_auc,da_cbpe_hz,0.8325848628100548,0.7887930996854684,14543,0.9987622911366293
2008Q2,prevalence,reference,0.007775629430965301,0.04550774526678141,14543,0.9987622911366293
2008Q2,prevalence,recent_arrivals,0.024228305183459524,0.04550774526678141,14543,0.9987622911366293
2008Q2,prevalence,latest_complete_cohort,0.018128368446839783,0.04550774526678141,14543,0.9987622911366293
2008Q2,prevalence,cbpe,0.0072597977767362605,0.04550774526678141,14543,0.9987622911366293
2008Q2,prevalence,atc,,0.04550774526678141,14543,0.9987622911366293
2008Q2,prevalence,doc,,0.04550774526678141,14543,0.9987622911366293
2008Q2,prevalence,da_cbpe,0.030573555522596982,0.04550774526678141,14543,0.9987622911366293
2008Q2,prevalence,da_cbpe_hz,0.004209771599616025,0.04550774526678141,14543,0.9987622911366293
2008Q3,roc_auc,reference,0.8191132911091004,0.7720831752047026,12478,0.9995191537105306
2008Q3,roc_auc,recent_arrivals,0.7755576613640949,0.7720831752047026,12478,0.9995191537105306
2008Q3,roc_auc,latest_complete_cohort,0.7985915887915986,0.7720831752047026,12478,0.9995191537105306
2008Q3,roc_auc,cbpe,0.8193241507945475,0.7720831752047026,12478,0.9995191537105306
2008Q3,roc_auc,atc,,0.7720831752047026,12478,0.9995191537105306
2008Q3,roc_auc,doc,,0.7720831752047026,12478,0.9995191537105306
2008Q3,roc_auc,da_cbpe,0.8163971708759029,0.7720831752047026,12478,0.9995191537105306
2008Q3,roc_auc,da_cbpe_hz,0.8181006094379895,0.7720831752047026,12478,0.9995191537105306
2008Q3,prevalence,reference,0.007775629430965301,0.0417735728030789,12478,0.9995191537105306
2008Q3,prevalence,recent_arrivals,0.039223507512298895,0.0417735728030789,12478,0.9995191537105306
2008Q3,prevalence,latest_complete_cohort,0.015491329479768785,0.0417735728030789,12478,0.9995191537105306
2008Q3,prevalence,cbpe,0.0071439197155897674,0.0417735728030789,12478,0.9995191537105306
2008Q3,prevalence,atc,,0.0417735728030789,12478,0.9995191537105306
2008Q3,prevalence,doc,,0.0417735728030789,12478,0.9995191537105306
2008Q3,prevalence,da_cbpe,0.03259030012323473,0.0417735728030789,12478,0.9995191537105306
2008Q3,prevalence,da_cbpe_hz,0.017342964234573262,0.0417735728030789,12478,0.9995191537105306
2008Q4,roc_auc,reference,0.8191132911091004,0.7986964925282367,11911,0.9989925279153723
2008Q4,roc_auc,recent_arrivals,0.7902791992099829,0.7986964925282367,11911,0.9989925279153723
2008Q4,roc_auc,latest_complete_cohort,0.7382725645223973,0.7986964925282367,11911,0.9989925279153723
2008Q4,roc_auc,cbpe,0.8174790707808134,0.7986964925282367,11911,0.9989925279153723
2008Q4,roc_auc,atc,,0.7986964925282367,11911,0.9989925279153723
2008Q4,roc_auc,doc,,0.7986964925282367,11911,0.9989925279153723
2008Q4,roc_auc,da_cbpe,0.8109540566576859,0.7986964925282367,11911,0.9989925279153723
2008Q4,roc_auc,da_cbpe_hz,0.8173987141263689,0.7986964925282367,11911,0.9989925279153723
2008Q4,prevalence,reference,0.007775629430965301,0.03891083284309606,11911,0.9989925279153723
2008Q4,prevalence,recent_arrivals,0.05082302054547639,0.03891083284309606,11911,0.9989925279153723
2008Q4,prevalence,latest_complete_cohort,0.029195289499509322,0.03891083284309606,11911,0.9989925279153723
2008Q4,prevalence,cbpe,0.006846350500681918,0.03891083284309606,11911,0.9989925279153723
2008Q4,prevalence,atc,,0.03891083284309606,11911,0.9989925279153723
2008Q4,prevalence,doc,,0.03891083284309606,11911,0.9989925279153723
2008Q4,prevalence,da_cbpe,0.056161126360336974,0.03891083284309606,11911,0.9989925279153723
2008Q4,prevalence,da_cbpe_hz,0.006448166239575865,0.03891083284309606,11911,0.9989925279153723
2009Q1,roc_auc,reference,0.8191132911091004,0.8394312477093934,11390,0.9994732221246707
2009Q1,roc_auc,recent_arrivals,0.8090666018473505,0.8394312477093934,11390,0.9994732221246707
2009Q1,roc_auc,latest_complete_cohort,0.762758254934514,0.8394312477093934,11390,0.9994732221246707
2009Q1,roc_auc,cbpe,0.831607064682252,0.8394312477093934,11390,0.9994732221246707
2009Q1,roc_auc,atc,,0.8394312477093934,11390,0.9994732221246707
2009Q1,roc_auc,doc,,0.8394312477093934,11390,0.9994732221246707
2009Q1,roc_auc,da_cbpe,0.8208760820440693,0.8394312477093934,11390,0.9994732221246707
2009Q1,roc_auc,da_cbpe_hz,0.8303771741159955,0.8394312477093934,11390,0.9994732221246707
2009Q1,prevalence,reference,0.007775629430965301,0.018446943078004218,11390,0.9994732221246707
2009Q1,prevalence,recent_arrivals,0.04477888114476038,0.018446943078004218,11390,0.9994732221246707
2009Q1,prevalence,latest_complete_cohort,0.032137118371719335,0.018446943078004218,11390,0.9994732221246707
2009Q1,prevalence,cbpe,0.004001655845450503,0.018446943078004218,11390,0.9994732221246707
2009Q1,prevalence,atc,,0.018446943078004218,11390,0.9994732221246707
2009Q1,prevalence,doc,,0.018446943078004218,11390,0.9994732221246707
2009Q1,prevalence,da_cbpe,0.03953546118498855,0.018446943078004218,11390,0.9994732221246707
2009Q1,prevalence,da_cbpe_hz,0.0036697996922603936,0.018446943078004218,11390,0.9994732221246707
2009Q2,roc_auc,reference,0.8191132911091004,0.8078745856939146,13458,0.9997027790161985
2009Q2,roc_auc,recent_arrivals,0.7950708711578277,0.8078745856939146,13458,0.9997027790161985
2009Q2,roc_auc,latest_complete_cohort,0.7573497420597926,0.8078745856939146,13458,0.9997027790161985
2009Q2,roc_auc,cbpe,0.8083265840880969,0.8078745856939146,13458,0.9997027790161985
2009Q2,roc_auc,atc,,0.8078745856939146,13458,0.9997027790161985
2009Q2,roc_auc,doc,,0.8078745856939146,13458,0.9997027790161985
2009Q2,roc_auc,da_cbpe,0.796725035428072,0.8078745856939146,13458,0.9997027790161985
2009Q2,roc_auc,da_cbpe_hz,0.8006734525373529,0.8078745856939146,13458,0.9997027790161985
2009Q2,prevalence,reference,0.007775629430965301,0.004608294930875576,13458,0.9997027790161985
2009Q2,prevalence,recent_arrivals,0.03695088127404492,0.004608294930875576,13458,0.9997027790161985
2009Q2,prevalence,latest_complete_cohort,0.04056271981242673,0.004608294930875576,13458,0.9997027790161985
2009Q2,prevalence,cbpe,0.0018738974261717865,0.004608294930875576,13458,0.9997027790161985
2009Q2,prevalence,atc,,0.004608294930875576,13458,0.9997027790161985
2009Q2,prevalence,doc,,0.004608294930875576,13458,0.9997027790161985
2009Q2,prevalence,da_cbpe,0.013080199630501022,0.004608294930875576,13458,0.9997027790161985
2009Q2,prevalence,da_cbpe_hz,0.0056680887888115265,0.004608294930875576,13458,0.9997027790161985
2009Q3,roc_auc,reference,0.8191132911091004,0.767524791671145,13894,0.9979127681013387
2009Q3,roc_auc,recent_arrivals,0.6917285843456382,0.767524791671145,13894,0.9979127681013387
2009Q3,roc_auc,latest_complete_cohort,0.7798085037325544,0.767524791671145,13894,0.9979127681013387
2009Q3,roc_auc,cbpe,0.803197505560368,0.767524791671145,13894,0.9979127681013387
2009Q3,roc_auc,atc,,0.767524791671145,13894,0.9979127681013387
2009Q3,roc_auc,doc,,0.767524791671145,13894,0.9979127681013387
2009Q3,roc_auc,da_cbpe,0.7943798052841693,0.767524791671145,13894,0.9979127681013387
2009Q3,roc_auc,da_cbpe_hz,0.7964824767170257,0.767524791671145,13894,0.9979127681013387
2009Q3,prevalence,reference,0.007775629430965301,0.005842048323115759,13894,0.9979127681013387
2009Q3,prevalence,recent_arrivals,0.0556519418123582,0.005842048323115759,13894,0.9979127681013387
2009Q3,prevalence,latest_complete_cohort,0.05592734225621415,0.005842048323115759,13894,0.9979127681013387
2009Q3,prevalence,cbpe,0.002149052107615127,0.005842048323115759,13894,0.9979127681013387
2009Q3,prevalence,atc,,0.005842048323115759,13894,0.9979127681013387
2009Q3,prevalence,doc,,0.005842048323115759,13894,0.9979127681013387
2009Q3,prevalence,da_cbpe,0.012400606740424234,0.005842048323115759,13894,0.9979127681013387
2009Q3,prevalence,da_cbpe_hz,0.007742532789789902,0.005842048323115759,13894,0.9979127681013387
2009Q4,roc_auc,reference,0.8191132911091004,0.8167683171495064,11137,0.9964083685013918
2009Q4,roc_auc,recent_arrivals,0.6939751358630308,0.8167683171495064,11137,0.9964083685013918
2009Q4,roc_auc,latest_complete_cohort,0.7794709257420279,0.8167683171495064,11137,0.9964083685013918
2009Q4,roc_auc,cbpe,0.814524640580411,0.8167683171495064,11137,0.9964083685013918
2009Q4,roc_auc,atc,,0.8167683171495064,11137,0.9964083685013918
2009Q4,roc_auc,doc,,0.8167683171495064,11137,0.9964083685013918
2009Q4,roc_auc,da_cbpe,0.8052301889254312,0.8167683171495064,11137,0.9964083685013918
2009Q4,roc_auc,da_cbpe_hz,0.8077447014897282,0.8167683171495064,11137,0.9964083685013918
2009Q4,prevalence,reference,0.007775629430965301,0.009191673425250067,11137,0.9964083685013918
2009Q4,prevalence,recent_arrivals,0.04628890662410216,0.009191673425250067,11137,0.9964083685013918
2009Q4,prevalence,latest_complete_cohort,0.07191316146540028,0.009191673425250067,11137,0.9964083685013918
2009Q4,prevalence,cbpe,0.0027914230963420597,0.009191673425250067,11137,0.9964083685013918
2009Q4,prevalence,atc,,0.009191673425250067,11137,0.9964083685013918
2009Q4,prevalence,doc,,0.009191673425250067,11137,0.9964083685013918
2009Q4,prevalence,da_cbpe,0.019103700511989567,0.009191673425250067,11137,0.9964083685013918
2009Q4,prevalence,da_cbpe_hz,0.012807436780931348,0.009191673425250067,11137,0.9964083685013918
2010Q1,roc_auc,reference,0.8191132911091004,0.8133774245268263,12878,0.9990681782885541
2010Q1,roc_auc,recent_arrivals,0.7196506458689961,0.8133774245268263,12878,0.9990681782885541
2010Q1,roc_auc,latest_complete_cohort,0.7938021545434578,0.8133774245268263,12878,0.9990681782885541
2010Q1,roc_auc,cbpe,0.8157179408548723,0.8133774245268263,12878,0.9990681782885541
2010Q1,roc_auc,atc,,0.8133774245268263,12878,0.9990681782885541
2010Q1,roc_auc,doc,,0.8133774245268263,12878,0.9990681782885541
2010Q1,roc_auc,da_cbpe,0.8082272562698765,0.8133774245268263,12878,0.9990681782885541
2010Q1,roc_auc,da_cbpe_hz,0.8091878644367021,0.8133774245268263,12878,0.9990681782885541
2010Q1,prevalence,reference,0.007775629430965301,0.00621793875330328,12878,0.9990681782885541
2010Q1,prevalence,recent_arrivals,0.03562051461578855,0.00621793875330328,12878,0.9990681782885541
2010Q1,prevalence,latest_complete_cohort,0.04711632453567938,0.00621793875330328,12878,0.9990681782885541
2010Q1,prevalence,cbpe,0.0025948015532991286,0.00621793875330328,12878,0.9990681782885541
2010Q1,prevalence,atc,,0.00621793875330328,12878,0.9990681782885541
2010Q1,prevalence,doc,,0.00621793875330328,12878,0.9990681782885541
2010Q1,prevalence,da_cbpe,0.011860772338155625,0.00621793875330328,12878,0.9990681782885541
2010Q1,prevalence,da_cbpe_hz,0.00989267148055964,0.00621793875330328,12878,0.9990681782885541
2010Q2,roc_auc,reference,0.8191132911091004,0.8234399458958342,12303,0.9991871901162318
2010Q2,roc_auc,recent_arrivals,0.677506137135555,0.8234399458958342,12303,0.9991871901162318
2010Q2,roc_auc,latest_complete_cohort,0.7847524189557692,0.8234399458958342,12303,0.9991871901162318
2010Q2,roc_auc,cbpe,0.8160488468946545,0.8234399458958342,12303,0.9991871901162318
2010Q2,roc_auc,atc,,0.8234399458958342,12303,0.9991871901162318
2010Q2,roc_auc,doc,,0.8234399458958342,12303,0.9991871901162318
2010Q2,roc_auc,da_cbpe,0.8110084720921878,0.8234399458958342,12303,0.9991871901162318
2010Q2,roc_auc,da_cbpe_hz,0.8105379748560985,0.8234399458958342,12303,0.9991871901162318
2010Q2,prevalence,reference,0.007775629430965301,0.00878548767591312,12303,0.9991871901162318
2010Q2,prevalence,recent_arrivals,0.016690024206905338,0.00878548767591312,12303,0.9991871901162318
2010Q2,prevalence,latest_complete_cohort,0.038471337579617834,0.00878548767591312,12303,0.9991871901162318
2010Q2,prevalence,cbpe,0.0027843351232169503,0.00878548767591312,12303,0.9991871901162318
2010Q2,prevalence,atc,,0.00878548767591312,12303,0.9991871901162318
2010Q2,prevalence,doc,,0.00878548767591312,12303,0.9991871901162318
2010Q2,prevalence,da_cbpe,0.008509924822159752,0.00878548767591312,12303,0.9991871901162318
2010Q2,prevalence,da_cbpe_hz,0.009560932835623443,0.00878548767591312,12303,0.9991871901162318
2010Q3,roc_auc,reference,0.8191132911091004,0.7786756308005336,11679,0.9989725147701002
2010Q3,roc_auc,recent_arrivals,0.7438080639167596,0.7786756308005336,11679,0.9989725147701002
2010Q3,roc_auc,latest_complete_cohort,0.7818143010411471,0.7786756308005336,11679,0.9989725147701002
2010Q3,roc_auc,cbpe,0.8132705919578005,0.7786756308005336,11679,0.9989725147701002
2010Q3,roc_auc,atc,,0.7786756308005336,11679,0.9989725147701002
2010Q3,roc_auc,doc,,0.7786756308005336,11679,0.9989725147701002
2010Q3,roc_auc,da_cbpe,0.8074116797068254,0.7786756308005336,11679,0.9989725147701002
2010Q3,roc_auc,da_cbpe_hz,0.8073782737433731,0.7786756308005336,11679,0.9989725147701002
2010Q3,prevalence,reference,0.007775629430965301,0.007714065312419645,11679,0.9989725147701002
2010Q3,prevalence,recent_arrivals,0.012386457473162676,0.007714065312419645,11679,0.9989725147701002
2010Q3,prevalence,latest_complete_cohort,0.04181568088033012,0.007714065312419645,11679,0.9989725147701002
2010Q3,prevalence,cbpe,0.0024745813255668703,0.007714065312419645,11679,0.9989725147701002
2010Q3,prevalence,atc,,0.007714065312419645,11679,0.9989725147701002
2010Q3,prevalence,doc,,0.007714065312419645,11679,0.9989725147701002
2010Q3,prevalence,da_cbpe,0.007450457322043002,0.007714065312419645,11679,0.9989725147701002
2010Q3,prevalence,da_cbpe_hz,0.007512891475257527,0.007714065312419645,11679,0.9989725147701002
2010Q4,roc_auc,reference,0.8191132911091004,0.8321350692318434,13380,0.9991778774289986
2010Q4,roc_auc,recent_arrivals,0.7280859222352482,0.8321350692318434,13380,0.9991778774289986
2010Q4,roc_auc,latest_complete_cohort,0.8105257860254017,0.8321350692318434,13380,0.9991778774289986
2010Q4,roc_auc,cbpe,0.8106898840731921,0.8321350692318434,13380,0.9991778774289986
2010Q4,roc_auc,atc,,0.8321350692318434,13380,0.9991778774289986
2010Q4,roc_auc,doc,,0.8321350692318434,13380,0.9991778774289986
2010Q4,roc_auc,da_cbpe,0.8014114775187322,0.8321350692318434,13380,0.9991778774289986
2010Q4,roc_auc,da_cbpe_hz,0.8026811233539417,0.8321350692318434,13380,0.9991778774289986
2010Q4,prevalence,reference,0.007775629430965301,0.00523599371680754,13380,0.9991778774289986
2010Q4,prevalence,recent_arrivals,0.012159814707585408,0.00523599371680754,13380,0.9991778774289986
2010Q4,prevalence,latest_complete_cohort,0.03127326880119136,0.00523599371680754,13380,0.9991778774289986
2010Q4,prevalence,cbpe,0.001929872209033424,0.00523599371680754,13380,0.9991778774289986
2010Q4,prevalence,atc,,0.00523599371680754,13380,0.9991778774289986
2010Q4,prevalence,doc,,0.00523599371680754,13380,0.9991778774289986
2010Q4,prevalence,da_cbpe,0.009145834496446872,0.00523599371680754,13380,0.9991778774289986
2010Q4,prevalence,da_cbpe_hz,0.006663671973544452,0.00523599371680754,13380,0.9991778774289986
2011Q1,roc_auc,reference,0.8191132911091004,0.8297179784375083,13585,0.9984541774015459
2011Q1,roc_auc,recent_arrivals,0.8106338330338706,0.8297179784375083,13585,0.9984541774015459
2011Q1,roc_auc,latest_complete_cohort,0.8129184646831706,0.8297179784375083,13585,0.9984541774015459
2011Q1,roc_auc,cbpe,0.8111722377732568,0.8297179784375083,13585,0.9984541774015459
2011Q1,roc_auc,atc,,0.8297179784375083,13585,0.9984541774015459
2011Q1,roc_auc,doc,,0.8297179784375083,13585,0.9984541774015459
2011Q1,roc_auc,da_cbpe,0.8039509942902247,0.8297179784375083,13585,0.9984541774015459
2011Q1,roc_auc,da_cbpe_hz,0.8042718600211936,0.8297179784375083,13585,0.9984541774015459
2011Q1,prevalence,reference,0.007775629430965301,0.006414037157180773,13585,0.9984541774015459
2011Q1,prevalence,recent_arrivals,0.006527415143603133,0.006414037157180773,13585,0.9984541774015459
2011Q1,prevalence,latest_complete_cohort,0.005645889792231256,0.006414037157180773,13585,0.9984541774015459
2011Q1,prevalence,cbpe,0.0021635127711873087,0.006414037157180773,13585,0.9984541774015459
2011Q1,prevalence,atc,,0.006414037157180773,13585,0.9984541774015459
2011Q1,prevalence,doc,,0.006414037157180773,13585,0.9984541774015459
2011Q1,prevalence,da_cbpe,0.007309709975972563,0.006414037157180773,13585,0.9984541774015459
2011Q1,prevalence,da_cbpe_hz,0.006740410096079658,0.006414037157180773,13585,0.9984541774015459
2011Q2,roc_auc,reference,0.8191132911091004,0.8127261127767831,11218,0.9981280085576751
2011Q2,roc_auc,recent_arrivals,0.8470577060611479,0.8127261127767831,11218,0.9981280085576751
2011Q2,roc_auc,latest_complete_cohort,0.6452112104847489,0.8127261127767831,11218,0.9981280085576751
2011Q2,roc_auc,cbpe,0.8109077955802315,0.8127261127767831,11218,0.9981280085576751
2011Q2,roc_auc,atc,,0.8127261127767831,11218,0.9981280085576751
2011Q2,roc_auc,doc,,0.8127261127767831,11218,0.9981280085576751
2011Q2,roc_auc,da_cbpe,0.8056582247112142,0.8127261127767831,11218,0.9981280085576751
2011Q2,roc_auc,da_cbpe_hz,0.8072579176091291,0.8127261127767831,11218,0.9981280085576751
2011Q2,prevalence,reference,0.007775629430965301,0.009198892560507278,11218,0.9981280085576751
2011Q2,prevalence,recent_arrivals,0.008538422903063787,0.009198892560507278,11218,0.9981280085576751
2011Q2,prevalence,latest_complete_cohort,0.005138986218173324,0.009198892560507278,11218,0.9981280085576751
2011Q2,prevalence,cbpe,0.002650905253965353,0.009198892560507278,11218,0.9981280085576751
2011Q2,prevalence,atc,,0.009198892560507278,11218,0.9981280085576751
2011Q2,prevalence,doc,,0.009198892560507278,11218,0.9981280085576751
2011Q2,prevalence,da_cbpe,0.008338545861675314,0.009198892560507278,11218,0.9981280085576751
2011Q2,prevalence,da_cbpe_hz,0.004892168761130261,0.009198892560507278,11218,0.9981280085576751
2011Q3,roc_auc,reference,0.8191132911091004,0.8345947057888488,11994,0.9982491245622811
2011Q3,roc_auc,recent_arrivals,0.777643283357569,0.8345947057888488,11994,0.9982491245622811
2011Q3,roc_auc,latest_complete_cohort,0.8351229628902415,0.8345947057888488,11994,0.9982491245622811
2011Q3,roc_auc,cbpe,0.8042655331524712,0.8345947057888488,11994,0.9982491245622811
2011Q3,roc_auc,atc,,0.8345947057888488,11994,0.9982491245622811
2011Q3,roc_auc,doc,,0.8345947057888488,11994,0.9982491245622811
2011Q3,roc_auc,da_cbpe,0.7992939630011363,0.8345947057888488,11994,0.9982491245622811
2011Q3,roc_auc,da_cbpe_hz,0.8000604986033182,0.8345947057888488,11994,0.9982491245622811
2011Q3,prevalence,reference,0.007775629430965301,0.007516913054372337,11994,0.9982491245622811
2011Q3,prevalence,recent_arrivals,0.006030701754385965,0.007516913054372337,11994,0.9982491245622811
2011Q3,prevalence,latest_complete_cohort,0.011739594450373533,0.007516913054372337,11994,0.9982491245622811
2011Q3,prevalence,cbpe,0.0024949821277883847,0.007516913054372337,11994,0.9982491245622811
2011Q3,prevalence,atc,,0.007516913054372337,11994,0.9982491245622811
2011Q3,prevalence,doc,,0.007516913054372337,11994,0.9982491245622811
2011Q3,prevalence,da_cbpe,0.00708669519430406,0.007516913054372337,11994,0.9982491245622811
2011Q3,prevalence,da_cbpe_hz,0.005324496567139599,0.007516913054372337,11994,0.9982491245622811
2011Q4,roc_auc,reference,0.8191132911091004,0.8381862318469597,13093,0.9987015962728175
2011Q4,roc_auc,recent_arrivals,0.8642393409694158,0.8381862318469597,13093,0.9987015962728175
2011Q4,roc_auc,latest_complete_cohort,0.7909282150569663,0.8381862318469597,13093,0.9987015962728175
2011Q4,roc_auc,cbpe,0.8125140957831137,0.8381862318469597,13093,0.9987015962728175
2011Q4,roc_auc,atc,,0.8381862318469597,13093,0.9987015962728175
2011Q4,roc_auc,doc,,0.8381862318469597,13093,0.9987015962728175
2011Q4,roc_auc,da_cbpe,0.8049384933142895,0.8381862318469597,13093,0.9987015962728175
2011Q4,roc_auc,da_cbpe_hz,0.8055667396642476,0.8381862318469597,13093,0.9987015962728175
2011Q4,prevalence,reference,0.007775629430965301,0.004129703273172224,13093,0.9987015962728175
2011Q4,prevalence,recent_arrivals,0.006432682541473874,0.004129703273172224,13093,0.9987015962728175
2011Q4,prevalence,latest_complete_cohort,0.006253006253006253,0.004129703273172224,13093,0.9987015962728175
2011Q4,prevalence,cbpe,0.0019647002723998286,0.004129703273172224,13093,0.9987015962728175
2011Q4,prevalence,atc,,0.004129703273172224,13093,0.9987015962728175
2011Q4,prevalence,doc,,0.004129703273172224,13093,0.9987015962728175
2011Q4,prevalence,da_cbpe,0.005820578677766195,0.004129703273172224,13093,0.9987015962728175
2011Q4,prevalence,da_cbpe_hz,0.004599855775828964,0.004129703273172224,13093,0.9987015962728175
2012Q1,roc_auc,reference,0.8191132911091004,0.8452750019938131,12106,0.9975218899719147
2012Q1,roc_auc,recent_arrivals,0.8348055869388793,0.8452750019938131,12106,0.9975218899719147
2012Q1,roc_auc,latest_complete_cohort,0.8152470614450448,0.8452750019938131,12106,0.9975218899719147
2012Q1,roc_auc,cbpe,0.8136559546296299,0.8452750019938131,12106,0.9975218899719147
2012Q1,roc_auc,atc,,0.8452750019938131,12106,0.9975218899719147
2012Q1,roc_auc,doc,,0.8452750019938131,12106,0.9975218899719147
2012Q1,roc_auc,da_cbpe,0.8059018501668904,0.8452750019938131,12106,0.9975218899719147
2012Q1,roc_auc,da_cbpe_hz,0.806622918860683,0.8452750019938131,12106,0.9975218899719147
2012Q1,prevalence,reference,0.007775629430965301,0.004057634978469692,12106,0.9975218899719147
2012Q1,prevalence,recent_arrivals,0.006646802658721063,0.004057634978469692,12106,0.9975218899719147
2012Q1,prevalence,latest_complete_cohort,0.007747795885653219,0.004057634978469692,12106,0.9975218899719147
2012Q1,prevalence,cbpe,0.001978412830310046,0.004057634978469692,12106,0.9975218899719147
2012Q1,prevalence,atc,,0.004057634978469692,12106,0.9975218899719147
2012Q1,prevalence,doc,,0.004057634978469692,12106,0.9975218899719147
2012Q1,prevalence,da_cbpe,0.005949464584398161,0.004057634978469692,12106,0.9975218899719147
2012Q1,prevalence,da_cbpe_hz,0.004631534332067006,0.004057634978469692,12106,0.9975218899719147
2012Q2,roc_auc,reference,0.8191132911091004,0.8088068745073576,12877,0.997592606973674
2012Q2,roc_auc,recent_arrivals,0.7960626873126874,0.8088068745073576,12877,0.997592606973674
2012Q2,roc_auc,latest_complete_cohort,0.8195049726226393,0.8088068745073576,12877,0.997592606973674
2012Q2,roc_auc,cbpe,0.8115584716411379,0.8088068745073576,12877,0.997592606973674
2012Q2,roc_auc,atc,,0.8088068745073576,12877,0.997592606973674
2012Q2,roc_auc,doc,,0.8088068745073576,12877,0.997592606973674
2012Q2,roc_auc,da_cbpe,0.805805749642014,0.8088068745073576,12877,0.997592606973674
2012Q2,roc_auc,da_cbpe_hz,0.8057433618593451,0.8088068745073576,12877,0.997592606973674
2012Q2,prevalence,reference,0.007775629430965301,0.006305464736104624,12877,0.997592606973674
2012Q2,prevalence,recent_arrivals,0.006707946336429308,0.006305464736104624,12877,0.997592606973674
2012Q2,prevalence,latest_complete_cohort,0.005017163982043834,0.006305464736104624,12877,0.997592606973674
2012Q2,prevalence,cbpe,0.002409737398265793,0.006305464736104624,12877,0.997592606973674
2012Q2,prevalence,atc,,0.006305464736104624,12877,0.997592606973674
2012Q2,prevalence,doc,,0.006305464736104624,12877,0.997592606973674
2012Q2,prevalence,da_cbpe,0.006872465597060985,0.006305464736104624,12877,0.997592606973674
2012Q2,prevalence,da_cbpe_hz,0.00702431709239304,0.006305464736104624,12877,0.997592606973674
2012Q3,roc_auc,reference,0.8191132911091004,0.8322215296845958,12114,0.9984315667822354
2012Q3,roc_auc,recent_arrivals,0.8762929076633573,0.8322215296845958,12114,0.9984315667822354
2012Q3,roc_auc,latest_complete_cohort,0.8959987766960599,0.8322215296845958,12114,0.9984315667822354
2012Q3,roc_auc,cbpe,0.8080889462606271,0.8322215296845958,12114,0.9984315667822354
2012Q3,roc_auc,atc,,0.8322215296845958,12114,0.9984315667822354
2012Q3,roc_auc,doc,,0.8322215296845958,12114,0.9984315667822354
2012Q3,roc_auc,da_cbpe,0.8032485113856426,0.8322215296845958,12114,0.9984315667822354
2012Q3,roc_auc,da_cbpe_hz,0.8045014277803556,0.8322215296845958,12114,0.9984315667822354
2012Q3,prevalence,reference,0.007775629430965301,0.007358412567176519,12114,0.9984315667822354
2012Q3,prevalence,recent_arrivals,0.006500413662687625,0.007358412567176519,12114,0.9984315667822354
2012Q3,prevalence,latest_complete_cohort,0.005363805970149254,0.007358412567176519,12114,0.9984315667822354
2012Q3,prevalence,cbpe,0.0027161269849320636,0.007358412567176519,12114,0.9984315667822354
2012Q3,prevalence,atc,,0.007358412567176519,12114,0.9984315667822354
2012Q3,prevalence,doc,,0.007358412567176519,12114,0.9984315667822354
2012Q3,prevalence,da_cbpe,0.007342504201780931,0.007358412567176519,12114,0.9984315667822354
2012Q3,prevalence,da_cbpe_hz,0.004002388515594994,0.007358412567176519,12114,0.9984315667822354
2012Q4,roc_auc,reference,0.8191132911091004,0.8267631813635401,13169,0.9990128331688055
2012Q4,roc_auc,recent_arrivals,0.8202248140635564,0.8267631813635401,13169,0.9990128331688055
2012Q4,roc_auc,latest_complete_cohort,0.8323396706928404,0.8267631813635401,13169,0.9990128331688055
2012Q4,roc_auc,cbpe,0.805931011899243,0.8267631813635401,13169,0.9990128331688055
2012Q4,roc_auc,atc,,0.8267631813635401,13169,0.9990128331688055
2012Q4,roc_auc,doc,,0.8267631813635401,13169,0.9990128331688055
2012Q4,roc_auc,da_cbpe,0.8006449718676103,0.8267631813635401,13169,0.9990128331688055
2012Q4,roc_auc,da_cbpe_hz,0.8016340953422811,0.8267631813635401,13169,0.9990128331688055
2012Q4,prevalence,reference,0.007775629430965301,0.004712678625722104,13169,0.9990128331688055
2012Q4,prevalence,recent_arrivals,0.006278415241394241,0.004712678625722104,13169,0.9990128331688055
2012Q4,prevalence,latest_complete_cohort,0.007951807228915662,0.004712678625722104,13169,0.9990128331688055
2012Q4,prevalence,cbpe,0.002311870715493982,0.004712678625722104,13169,0.9990128331688055
2012Q4,prevalence,atc,,0.004712678625722104,13169,0.9990128331688055
2012Q4,prevalence,doc,,0.004712678625722104,13169,0.9990128331688055
2012Q4,prevalence,da_cbpe,0.006008624915952311,0.004712678625722104,13169,0.9990128331688055
2012Q4,prevalence,da_cbpe_hz,0.0034156795932859824,0.004712678625722104,13169,0.9990128331688055
2013Q1,roc_auc,reference,0.8191132911091004,0.8032042593184222,12237,0.9985290512380486
2013Q1,roc_auc,recent_arrivals,0.8408753914915829,0.8032042593184222,12237,0.9985290512380486
2013Q1,roc_auc,latest_complete_cohort,0.7674524300084838,0.8032042593184222,12237,0.9985290512380486
2013Q1,roc_auc,cbpe,0.8116191702004371,0.8032042593184222,12237,0.9985290512380486
2013Q1,roc_auc,atc,,0.8032042593184222,12237,0.9985290512380486
2013Q1,roc_auc,doc,,0.8032042593184222,12237,0.9985290512380486
2013Q1,roc_auc,da_cbpe,0.8056682209497392,0.8032042593184222,12237,0.9985290512380486
2013Q1,roc_auc,da_cbpe_hz,0.8071919174375043,0.8032042593184222,12237,0.9985290512380486
2013Q1,prevalence,reference,0.007775629430965301,0.004337507160978803,12237,0.9985290512380486
2013Q1,prevalence,recent_arrivals,0.0076156080709743265,0.004337507160978803,12237,0.9985290512380486
2013Q1,prevalence,latest_complete_cohort,0.010263522884882107,0.004337507160978803,12237,0.9985290512380486
2013Q1,prevalence,cbpe,0.0025047019427440814,0.004337507160978803,12237,0.9985290512380486
2013Q1,prevalence,atc,,0.004337507160978803,12237,0.9985290512380486
2013Q1,prevalence,doc,,0.004337507160978803,12237,0.9985290512380486
2013Q1,prevalence,da_cbpe,0.008577364682283189,0.004337507160978803,12237,0.9985290512380486
2013Q1,prevalence,da_cbpe_hz,0.005036869603053482,0.004337507160978803,12237,0.9985290512380486
2013Q2,roc_auc,reference,0.8191132911091004,0.813829136227627,12524,0.9988022995847972
2013Q2,roc_auc,recent_arrivals,0.8511584029528565,0.813829136227627,12524,0.9988022995847972
2013Q2,roc_auc,latest_complete_cohort,0.7872950064492353,0.813829136227627,12524,0.9988022995847972
2013Q2,roc_auc,cbpe,0.8075406105206112,0.813829136227627,12524,0.9988022995847972
2013Q2,roc_auc,atc,,0.813829136227627,12524,0.9988022995847972
2013Q2,roc_auc,doc,,0.813829136227627,12524,0.9988022995847972
2013Q2,roc_auc,da_cbpe,0.8025811990473378,0.813829136227627,12524,0.9988022995847972
2013Q2,roc_auc,da_cbpe_hz,0.8033469906865732,0.813829136227627,12524,0.9988022995847972
2013Q2,prevalence,reference,0.007775629430965301,0.0030378127748021426,12524,0.9988022995847972
2013Q2,prevalence,recent_arrivals,0.00531051777548311,0.0030378127748021426,12524,0.9988022995847972
2013Q2,prevalence,latest_complete_cohort,0.008223684210526315,0.0030378127748021426,12524,0.9988022995847972
2013Q2,prevalence,cbpe,0.0027599437158668644,0.0030378127748021426,12524,0.9988022995847972
2013Q2,prevalence,atc,,0.0030378127748021426,12524,0.9988022995847972
2013Q2,prevalence,doc,,0.0030378127748021426,12524,0.9988022995847972
2013Q2,prevalence,da_cbpe,0.009301977670527208,0.0030378127748021426,12524,0.9988022995847972
2013Q2,prevalence,da_cbpe_hz,0.007158526475922586,0.0030378127748021426,12524,0.9988022995847972
2013Q3,roc_auc,reference,0.8191132911091004,0.8181694697587119,13567,0.9988206677968601
2013Q3,roc_auc,recent_arrivals,0.7959286399555656,0.8181694697587119,13567,0.9988206677968601
2013Q3,roc_auc,latest_complete_cohort,0.7989902267694893,0.8181694697587119,13567,0.9988206677968601
2013Q3,roc_auc,cbpe,0.8043854468629883,0.8181694697587119,13567,0.9988206677968601
2013Q3,roc_auc,atc,,0.8181694697587119,13567,0.9988206677968601
2013Q3,roc_auc,doc,,0.8181694697587119,13567,0.9988206677968601
2013Q3,roc_auc,da_cbpe,0.7999676696441947,0.8181694697587119,13567,0.9988206677968601
2013Q3,roc_auc,da_cbpe_hz,0.800413120897937,0.8181694697587119,13567,0.9988206677968601
2013Q3,prevalence,reference,0.007775629430965301,0.003984945760460483,13567,0.9988206677968601
2013Q3,prevalence,recent_arrivals,0.00911854103343465,0.003984945760460483,13567,0.9988206677968601
2013Q3,prevalence,latest_complete_cohort,0.003727369542066028,0.003984945760460483,13567,0.9988206677968601
2013Q3,prevalence,cbpe,0.0028323431936595374,0.003984945760460483,13567,0.9988206677968601
2013Q3,prevalence,atc,,0.003984945760460483,13567,0.9988206677968601
2013Q3,prevalence,doc,,0.003984945760460483,13567,0.9988206677968601
2013Q3,prevalence,da_cbpe,0.008581104327024216,0.003984945760460483,13567,0.9988206677968601
2013Q3,prevalence,da_cbpe_hz,0.007339235912251304,0.003984945760460483,13567,0.9988206677968601
2013Q4,roc_auc,reference,0.8191132911091004,0.813114980192228,11452,0.9989521480964024
2013Q4,roc_auc,recent_arrivals,0.8488090070350236,0.813114980192228,11452,0.9989521480964024
2013Q4,roc_auc,latest_complete_cohort,0.8368983957219251,0.813114980192228,11452,0.9989521480964024
2013Q4,roc_auc,cbpe,0.8001082549183373,0.813114980192228,11452,0.9989521480964024
2013Q4,roc_auc,atc,,0.813114980192228,11452,0.9989521480964024
2013Q4,roc_auc,doc,,0.813114980192228,11452,0.9989521480964024
2013Q4,roc_auc,da_cbpe,0.797257388365264,0.813114980192228,11452,0.9989521480964024
2013Q4,roc_auc,da_cbpe_hz,0.7971096576199239,0.813114980192228,11452,0.9989521480964024
2013Q4,prevalence,reference,0.007775629430965301,0.006468531468531468,11452,0.9989521480964024
2013Q4,prevalence,recent_arrivals,0.006040558032503955,0.006468531468531468,11452,0.9989521480964024
2013Q4,prevalence,latest_complete_cohort,0.004227804028848545,0.006468531468531468,11452,0.9989521480964024
2013Q4,prevalence,cbpe,0.0032832277785358748,0.006468531468531468,11452,0.9989521480964024
2013Q4,prevalence,atc,,0.006468531468531468,11452,0.9989521480964024
2013Q4,prevalence,doc,,0.006468531468531468,11452,0.9989521480964024
2013Q4,prevalence,da_cbpe,0.008024277616233482,0.006468531468531468,11452,0.9989521480964024
2013Q4,prevalence,da_cbpe_hz,0.008489227862073479,0.006468531468531468,11452,0.9989521480964024
2014Q1,roc_auc,reference,0.8191132911091004,0.7783856280104133,12105,0.9986782321354812
2014Q1,roc_auc,recent_arrivals,0.8441036403260957,0.7783856280104133,12105,0.9986782321354812
2014Q1,roc_auc,latest_complete_cohort,0.842077592458303,0.7783856280104133,12105,0.9986782321354812
2014Q1,roc_auc,cbpe,0.7990710780777072,0.7783856280104133,12105,0.9986782321354812
2014Q1,roc_auc,atc,,0.7783856280104133,12105,0.9986782321354812
2014Q1,roc_auc,doc,,0.7783856280104133,12105,0.9986782321354812
2014Q1,roc_auc,da_cbpe,0.7968974919949778,0.7783856280104133,12105,0.9986782321354812
2014Q1,roc_auc,da_cbpe_hz,0.7970824839966534,0.7783856280104133,12105,0.9986782321354812
2014Q1,prevalence,reference,0.007775629430965301,0.006534866407477872,12105,0.9986782321354812
2014Q1,prevalence,recent_arrivals,0.006162305650360258,0.006534866407477872,12105,0.9986782321354812
2014Q1,prevalence,latest_complete_cohort,0.0048111618955977865,0.006534866407477872,12105,0.9986782321354812
2014Q1,prevalence,cbpe,0.0033549430799895102,0.006534866407477872,12105,0.9986782321354812
2014Q1,prevalence,atc,,0.006534866407477872,12105,0.9986782321354812
2014Q1,prevalence,doc,,0.006534866407477872,12105,0.9986782321354812
2014Q1,prevalence,da_cbpe,0.006166551776767859,0.006534866407477872,12105,0.9986782321354812
2014Q1,prevalence,da_cbpe_hz,0.0055645628479769485,0.006534866407477872,12105,0.9986782321354812
2014Q2,roc_auc,reference,0.8191132911091004,0.7851852223739524,12538,0.9986441218695167
2014Q2,roc_auc,recent_arrivals,0.8432809679070895,0.7851852223739524,12538,0.9986441218695167
2014Q2,roc_auc,latest_complete_cohort,0.8452083106711629,0.7851852223739524,12538,0.9986441218695167
2014Q2,roc_auc,cbpe,0.792196163949146,0.7851852223739524,12538,0.9986441218695167
2014Q2,roc_auc,atc,,0.7851852223739524,12538,0.9986441218695167
2014Q2,roc_auc,doc,,0.7851852223739524,12538,0.9986441218695167
2014Q2,roc_auc,da_cbpe,0.7900615195434507,0.7851852223739524,12538,0.9986441218695167
2014Q2,roc_auc,da_cbpe_hz,0.7905062027224989,0.7851852223739524,12538,0.9986441218695167
2014Q2,prevalence,reference,0.007775629430965301,0.005750339429758006,12538,0.9986441218695167
2014Q2,prevalence,recent_arrivals,0.004590001240540876,0.005750339429758006,12538,0.9986441218695167
2014Q2,prevalence,latest_complete_cohort,0.006987951807228916,0.005750339429758006,12538,0.9986441218695167
2014Q2,prevalence,cbpe,0.0031903589225559933,0.005750339429758006,12538,0.9986441218695167
2014Q2,prevalence,atc,,0.005750339429758006,12538,0.9986441218695167
2014Q2,prevalence,doc,,0.005750339429758006,12538,0.9986441218695167
2014Q2,prevalence,da_cbpe,0.005570936426469577,0.005750339429758006,12538,0.9986441218695167
2014Q2,prevalence,da_cbpe_hz,0.004274763178071093,0.005750339429758006,12538,0.9986441218695167
2014Q3,roc_auc,reference,0.8191132911091004,0.8066801142692959,12959,0.9979936723512617
2014Q3,roc_auc,recent_arrivals,0.8427280887717489,0.8066801142692959,12959,0.9979936723512617
2014Q3,roc_auc,latest_complete_cohort,0.8665926138561961,0.8066801142692959,12959,0.9979936723512617
2014Q3,roc_auc,cbpe,0.7900769617300483,0.8066801142692959,12959,0.9979936723512617
2014Q3,roc_auc,atc,,0.8066801142692959,12959,0.9979936723512617
2014Q3,roc_auc,doc,,0.8066801142692959,12959,0.9979936723512617
2014Q3,roc_auc,da_cbpe,0.7873739409572226,0.8066801142692959,12959,0.9979936723512617
2014Q3,roc_auc,da_cbpe_hz,0.7878390109325808,0.8066801142692959,12959,0.9979936723512617
2014Q3,prevalence,reference,0.007775629430965301,0.005103224309904894,12959,0.9979936723512617
2014Q3,prevalence,recent_arrivals,0.00365738555922605,0.005103224309904894,12959,0.9979936723512617
2014Q3,prevalence,latest_complete_cohort,0.0044853635505193576,0.005103224309904894,12959,0.9979936723512617
2014Q3,prevalence,cbpe,0.0029555955548682305,0.005103224309904894,12959,0.9979936723512617
2014Q3,prevalence,atc,,0.005103224309904894,12959,0.9979936723512617
2014Q3,prevalence,doc,,0.005103224309904894,12959,0.9979936723512617
2014Q3,prevalence,da_cbpe,0.0060479640915311154,0.005103224309904894,12959,0.9979936723512617
2014Q3,prevalence,da_cbpe_hz,0.00479885060944463,0.005103224309904894,12959,0.9979936723512617
2014Q4,roc_auc,reference,0.8191132911091004,0.7735297312667938,12339,0.9988653861739201
2014Q4,roc_auc,recent_arrivals,0.8117625023412623,0.7735297312667938,12339,0.9988653861739201
2014Q4,roc_auc,latest_complete_cohort,0.8440057418162619,0.7735297312667938,12339,0.9988653861739201
2014Q4,roc_auc,cbpe,0.7829491796340674,0.7735297312667938,12339,0.9988653861739201
2014Q4,roc_auc,atc,,0.7735297312667938,12339,0.9988653861739201
2014Q4,roc_auc,doc,,0.7735297312667938,12339,0.9988653861739201
2014Q4,roc_auc,da_cbpe,0.7805103113182796,0.7735297312667938,12339,0.9988653861739201
2014Q4,roc_auc,da_cbpe_hz,0.780093406975044,0.7735297312667938,12339,0.9988653861739201
2014Q4,prevalence,reference,0.007775629430965301,0.004137931034482759,12339,0.9988653861739201
2014Q4,prevalence,recent_arrivals,0.004343353526117271,0.004137931034482759,12339,0.9988653861739201
2014Q4,prevalence,latest_complete_cohort,0.004206098843322818,0.004137931034482759,12339,0.9988653861739201
2014Q4,prevalence,cbpe,0.0028852465428531597,0.004137931034482759,12339,0.9988653861739201
2014Q4,prevalence,atc,,0.004137931034482759,12339,0.9988653861739201
2014Q4,prevalence,doc,,0.004137931034482759,12339,0.9988653861739201
2014Q4,prevalence,da_cbpe,0.0061388704348375395,0.004137931034482759,12339,0.9988653861739201
2014Q4,prevalence,da_cbpe_hz,0.0076315487495444605,0.004137931034482759,12339,0.9988653861739201
2015Q1,roc_auc,reference,0.8191132911091004,0.7815235574943447,11444,0.998951415588955
2015Q1,roc_auc,recent_arrivals,0.8554580592733112,0.7815235574943447,11444,0.998951415588955
2015Q1,roc_auc,latest_complete_cohort,0.843119266055046,0.7815235574943447,11444,0.998951415588955
2015Q1,roc_auc,cbpe,0.7902743895300807,0.7815235574943447,11444,0.998951415588955
2015Q1,roc_auc,atc,,0.7815235574943447,11444,0.998951415588955
2015Q1,roc_auc,doc,,0.7815235574943447,11444,0.998951415588955
2015Q1,roc_auc,da_cbpe,0.7875852860717414,0.7815235574943447,11444,0.998951415588955
2015Q1,roc_auc,da_cbpe_hz,0.7875561661698901,0.7815235574943447,11444,0.998951415588955
2015Q1,prevalence,reference,0.007775629430965301,0.004461161651504549,11444,0.998951415588955
2015Q1,prevalence,recent_arrivals,0.0036217028836955036,0.004461161651504549,11444,0.998951415588955
2015Q1,prevalence,latest_complete_cohort,0.0036083714216983403,0.004461161651504549,11444,0.998951415588955
2015Q1,prevalence,cbpe,0.0027712460279207935,0.004461161651504549,11444,0.998951415588955
2015Q1,prevalence,atc,,0.004461161651504549,11444,0.998951415588955
2015Q1,prevalence,doc,,0.004461161651504549,11444,0.998951415588955
2015Q1,prevalence,da_cbpe,0.005115240313258532,0.004461161651504549,11444,0.998951415588955
2015Q1,prevalence,da_cbpe_hz,0.0052023902862810495,0.004461161651504549,11444,0.998951415588955
2015Q2,roc_auc,reference,0.8191132911091004,0.8285407028650271,13740,0.9996360989810772
2015Q2,roc_auc,recent_arrivals,0.8487489660876758,0.8285407028650271,13740,0.9996360989810772
2015Q2,roc_auc,latest_complete_cohort,0.8182350219125133,0.8285407028650271,13740,0.9996360989810772
2015Q2,roc_auc,cbpe,0.7954648146179348,0.8285407028650271,13740,0.9996360989810772
2015Q2,roc_auc,atc,,0.8285407028650271,13740,0.9996360989810772
2015Q2,roc_auc,doc,,0.8285407028650271,13740,0.9996360989810772
2015Q2,roc_auc,da_cbpe,0.792577409176304,0.8285407028650271,13740,0.9996360989810772
2015Q2,roc_auc,da_cbpe_hz,0.7930506126849091,0.8285407028650271,13740,0.9996360989810772
2015Q2,prevalence,reference,0.007775629430965301,0.0032763014197306154,13740,0.9996360989810772
2015Q2,prevalence,recent_arrivals,0.0036056454105284847,0.0032763014197306154,13740,0.9996360989810772
2015Q2,prevalence,latest_complete_cohort,0.003917953445494353,0.0032763014197306154,13740,0.9996360989810772
2015Q2,prevalence,cbpe,0.0025516956698462337,0.0032763014197306154,13740,0.9996360989810772
2015Q2,prevalence,atc,,0.0032763014197306154,13740,0.9996360989810772
2015Q2,prevalence,doc,,0.0032763014197306154,13740,0.9996360989810772
2015Q2,prevalence,da_cbpe,0.0036840498921853395,0.0032763014197306154,13740,0.9996360989810772
2015Q2,prevalence,da_cbpe_hz,0.002558467310436186,0.0032763014197306154,13740,0.9996360989810772
2015Q3,roc_auc,reference,0.8191132911091004,0.778267907729664,12421,0.9990338942114162
2015Q3,roc_auc,recent_arrivals,0.8300977642811769,0.778267907729664,12421,0.9990338942114162
2015Q3,roc_auc,latest_complete_cohort,0.8403619618762047,0.778267907729664,12421,0.9990338942114162
2015Q3,roc_auc,cbpe,0.7834833507290179,0.778267907729664,12421,0.9990338942114162
2015Q3,roc_auc,atc,,0.778267907729664,12421,0.9990338942114162
2015Q3,roc_auc,doc,,0.778267907729664,12421,0.9990338942114162
2015Q3,roc_auc,da_cbpe,0.7811970726395585,0.778267907729664,12421,0.9990338942114162
2015Q3,roc_auc,da_cbpe_hz,0.781443284297694,0.778267907729664,12421,0.9990338942114162
2015Q3,prevalence,reference,0.007775629430965301,0.004351680232089612,12421,0.9990338942114162
2015Q3,prevalence,recent_arrivals,0.004751906287987623,0.004351680232089612,12421,0.9990338942114162
2015Q3,prevalence,latest_complete_cohort,0.005633112907176096,0.004351680232089612,12421,0.9990338942114162
2015Q3,prevalence,cbpe,0.0026706888083636183,0.004351680232089612,12421,0.9990338942114162
2015Q3,prevalence,atc,,0.004351680232089612,12421,0.9990338942114162
2015Q3,prevalence,doc,,0.004351680232089612,12421,0.9990338942114162
2015Q3,prevalence,da_cbpe,0.003609206377866433,0.004351680232089612,12421,0.9990338942114162
2015Q3,prevalence,da_cbpe_hz,0.0028420059690090513,0.004351680232089612,12421,0.9990338942114162
2015Q4,roc_auc,reference,0.8191132911091004,0.8041370898592253,12771,0.999608487980581
2015Q4,roc_auc,recent_arrivals,0.7240852348416484,0.8041370898592253,12771,0.999608487980581
2015Q4,roc_auc,latest_complete_cohort,0.8006812781016532,0.8041370898592253,12771,0.999608487980581
2015Q4,roc_auc,cbpe,0.7835412943736791,0.8041370898592253,12771,0.999608487980581
2015Q4,roc_auc,atc,,0.8041370898592253,12771,0.999608487980581
2015Q4,roc_auc,doc,,0.8041370898592253,12771,0.999608487980581
2015Q4,roc_auc,da_cbpe,0.7817884040018946,0.8041370898592253,12771,0.999608487980581
2015Q4,roc_auc,da_cbpe_hz,0.7819650052374543,0.8041370898592253,12771,0.999608487980581
2015Q4,prevalence,reference,0.007775629430965301,0.00454331818893937,12771,0.999608487980581
2015Q4,prevalence,recent_arrivals,0.006149903907751442,0.00454331818893937,12771,0.999608487980581
2015Q4,prevalence,latest_complete_cohort,0.007137583066699483,0.00454331818893937,12771,0.999608487980581
2015Q4,prevalence,cbpe,0.0028756466119350807,0.00454331818893937,12771,0.999608487980581
2015Q4,prevalence,atc,,0.00454331818893937,12771,0.999608487980581
2015Q4,prevalence,doc,,0.00454331818893937,12771,0.999608487980581
2015Q4,prevalence,da_cbpe,0.0036125691032928065,0.00454331818893937,12771,0.999608487980581
2015Q4,prevalence,da_cbpe_hz,0.003056407097677698,0.00454331818893937,12771,0.999608487980581
2016Q1,roc_auc,reference,0.8191132911091004,0.7795607610332135,11527,0.9998264943176889
2016Q1,roc_auc,recent_arrivals,0.7723816687506513,0.7795607610332135,11527,0.9998264943176889
2016Q1,roc_auc,latest_complete_cohort,0.7582609285908228,0.7795607610332135,11527,0.9998264943176889
2016Q1,roc_auc,cbpe,0.7816311197876271,0.7795607610332135,11527,0.9998264943176889
2016Q1,roc_auc,atc,,0.7795607610332135,11527,0.9998264943176889
2016Q1,roc_auc,doc,,0.7795607610332135,11527,0.9998264943176889
2016Q1,roc_auc,da_cbpe,0.7797240956294664,0.7795607610332135,11527,0.9998264943176889
2016Q1,roc_auc,da_cbpe_hz,0.7801538425982317,0.7795607610332135,11527,0.9998264943176889
2016Q1,prevalence,reference,0.007775629430965301,0.008503253796095445,11527,0.9998264943176889
2016Q1,prevalence,recent_arrivals,0.005711177590426979,0.008503253796095445,11527,0.9998264943176889
2016Q1,prevalence,latest_complete_cohort,0.0054010261949770455,0.008503253796095445,11527,0.9998264943176889
2016Q1,prevalence,cbpe,0.0029275575664498513,0.008503253796095445,11527,0.9998264943176889
2016Q1,prevalence,atc,,0.008503253796095445,11527,0.9998264943176889
2016Q1,prevalence,doc,,0.008503253796095445,11527,0.9998264943176889
2016Q1,prevalence,da_cbpe,0.004535445903702794,0.008503253796095445,11527,0.9998264943176889
2016Q1,prevalence,da_cbpe_hz,0.003114622616878611,0.008503253796095445,11527,0.9998264943176889
2016Q2,roc_auc,reference,0.8191132911091004,0.8264277927684325,12812,0.9993755853886981
2016Q2,roc_auc,recent_arrivals,0.7606558983197281,0.8264277927684325,12812,0.9993755853886981
2016Q2,roc_auc,latest_complete_cohort,0.8731162196679437,0.8264277927684325,12812,0.9993755853886981
2016Q2,roc_auc,cbpe,0.7859120838507345,0.8264277927684325,12812,0.9993755853886981
2016Q2,roc_auc,atc,,0.8264277927684325,12812,0.9993755853886981
2016Q2,roc_auc,doc,,0.8264277927684325,12812,0.9993755853886981
2016Q2,roc_auc,da_cbpe,0.7840935852926677,0.8264277927684325,12812,0.9993755853886981
2016Q2,roc_auc,da_cbpe_hz,0.7844002811039601,0.8264277927684325,12812,0.9993755853886981
2016Q2,prevalence,reference,0.007775629430965301,0.00648234926585442,12812,0.9993755853886981
2016Q2,prevalence,recent_arrivals,0.0037313432835820895,0.00648234926585442,12812,0.9993755853886981
2016Q2,prevalence,latest_complete_cohort,0.005082592121982211,0.00648234926585442,12812,0.9993755853886981
2016Q2,prevalence,cbpe,0.0028654946148404478,0.00648234926585442,12812,0.9993755853886981
2016Q2,prevalence,atc,,0.00648234926585442,12812,0.9993755853886981
2016Q2,prevalence,doc,,0.00648234926585442,12812,0.9993755853886981
2016Q2,prevalence,da_cbpe,0.0035589795655580677,0.00648234926585442,12812,0.9993755853886981
2016Q2,prevalence,da_cbpe_hz,0.0026717878136421716,0.00648234926585442,12812,0.9993755853886981
2016Q3,roc_auc,reference,0.8191132911091004,0.7747398718057962,12527,0.9987227588409037
2016Q3,roc_auc,recent_arrivals,0.7951581811996826,0.7747398718057962,12527,0.9987227588409037
2016Q3,roc_auc,latest_complete_cohort,0.7474770127831352,0.7747398718057962,12527,0.9987227588409037
2016Q3,roc_auc,cbpe,0.7871107371111611,0.7747398718057962,12527,0.9987227588409037
2016Q3,roc_auc,atc,,0.7747398718057962,12527,0.9987227588409037
2016Q3,roc_auc,doc,,0.7747398718057962,12527,0.9987227588409037
2016Q3,roc_auc,da_cbpe,0.7850213304304655,0.7747398718057962,12527,0.9987227588409037
2016Q3,roc_auc,da_cbpe_hz,0.7849429873953555,0.7747398718057962,12527,0.9987227588409037
2016Q3,prevalence,reference,0.007775629430965301,0.006794021261290065,12527,0.9987227588409037
2016Q3,prevalence,recent_arrivals,0.0033902135834557577,0.006794021261290065,12527,0.9987227588409037
2016Q3,prevalence,latest_complete_cohort,0.0031484620973601355,0.006794021261290065,12527,0.9987227588409037
2016Q3,prevalence,cbpe,0.002791736174487424,0.006794021261290065,12527,0.9987227588409037
2016Q3,prevalence,atc,,0.006794021261290065,12527,0.9987227588409037
2016Q3,prevalence,doc,,0.006794021261290065,12527,0.9987227588409037
2016Q3,prevalence,da_cbpe,0.0036928042602825096,0.006794021261290065,12527,0.9987227588409037
2016Q3,prevalence,da_cbpe_hz,0.00394679143477006,0.006794021261290065,12527,0.9987227588409037
2016Q4,roc_auc,reference,0.8191132911091004,0.803309303661913,12862,0.9989892707199503
2016Q4,roc_auc,recent_arrivals,0.7803128017276325,0.803309303661913,12862,0.9989892707199503
2016Q4,roc_auc,latest_complete_cohort,0.8453953953953954,0.803309303661913,12862,0.9989892707199503
2016Q4,roc_auc,cbpe,0.7851536971295962,0.803309303661913,12862,0.9989892707199503
2016Q4,roc_auc,atc,,0.803309303661913,12862,0.9989892707199503
2016Q4,roc_auc,doc,,0.803309303661913,12862,0.9989892707199503
2016Q4,roc_auc,da_cbpe,0.7827028403926033,0.803309303661913,12862,0.9989892707199503
2016Q4,roc_auc,da_cbpe_hz,0.7827083556841101,0.803309303661913,12862,0.9989892707199503
2016Q4,prevalence,reference,0.007775629430965301,0.006770954938127481,12862,0.9989892707199503
2016Q4,prevalence,recent_arrivals,0.004242046163443544,0.006770954938127481,12862,0.9989892707199503
2016Q4,prevalence,latest_complete_cohort,0.0037397157816005983,0.006770954938127481,12862,0.9989892707199503
2016Q4,prevalence,cbpe,0.0026108724620705383,0.006770954938127481,12862,0.9989892707199503
2016Q4,prevalence,atc,,0.006770954938127481,12862,0.9989892707199503
2016Q4,prevalence,doc,,0.006770954938127481,12862,0.9989892707199503
2016Q4,prevalence,da_cbpe,0.003713619680353291,0.006770954938127481,12862,0.9989892707199503
2016Q4,prevalence,da_cbpe_hz,0.003696274827483881,0.006770954938127481,12862,0.9989892707199503
2017Q1,roc_auc,reference,0.8191132911091004,0.7778255290511773,12582,0.9983309489747259
2017Q1,roc_auc,recent_arrivals,0.8266571786954844,0.7778255290511773,12582,0.9983309489747259
2017Q1,roc_auc,latest_complete_cohort,0.7429310780106033,0.7778255290511773,12582,0.9983309489747259
2017Q1,roc_auc,cbpe,0.7830338386420723,0.7778255290511773,12582,0.9983309489747259
2017Q1,roc_auc,atc,,0.7778255290511773,12582,0.9983309489747259
2017Q1,roc_auc,doc,,0.7778255290511773,12582,0.9983309489747259
2017Q1,roc_auc,da_cbpe,0.7808019168354536,0.7778255290511773,12582,0.9983309489747259
2017Q1,roc_auc,da_cbpe_hz,0.7809019084457054,0.7778255290511773,12582,0.9983309489747259
2017Q1,prevalence,reference,0.007775629430965301,0.007324257622800733,12582,0.9983309489747259
2017Q1,prevalence,recent_arrivals,0.005755947812739831,0.007324257622800733,12582,0.9983309489747259
2017Q1,prevalence,latest_complete_cohort,0.004023133014835303,0.007324257622800733,12582,0.9983309489747259
2017Q1,prevalence,cbpe,0.002756068823595719,0.007324257622800733,12582,0.9983309489747259
2017Q1,prevalence,atc,,0.007324257622800733,12582,0.9983309489747259
2017Q1,prevalence,doc,,0.007324257622800733,12582,0.9983309489747259
2017Q1,prevalence,da_cbpe,0.004218036187068057,0.007324257622800733,12582,0.9983309489747259
2017Q1,prevalence,da_cbpe_hz,0.0038994300266866544,0.007324257622800733,12582,0.9983309489747259
2017Q2,roc_auc,reference,0.8191132911091004,0.7532476731315101,11717,0.9981223862763506
2017Q2,roc_auc,recent_arrivals,0.8300149538687257,0.7532476731315101,11717,0.9981223862763506
2017Q2,roc_auc,latest_complete_cohort,0.7515466468695867,0.7532476731315101,11717,0.9981223862763506
2017Q2,roc_auc,cbpe,0.7763129250058366,0.7532476731315101,11717,0.9981223862763506
2017Q2,roc_auc,atc,,0.7532476731315101,11717,0.9981223862763506
2017Q2,roc_auc,doc,,0.7532476731315101,11717,0.9981223862763506
2017Q2,roc_auc,da_cbpe,0.7752685041063632,0.7532476731315101,11717,0.9981223862763506
2017Q2,roc_auc,da_cbpe_hz,0.7756839153912062,0.7532476731315101,11717,0.9981223862763506
2017Q2,prevalence,reference,0.007775629430965301,0.008379649422830268,11717,0.9981223862763506
2017Q2,prevalence,recent_arrivals,0.0031687995124923827,0.008379649422830268,11717,0.9981223862763506
2017Q2,prevalence,latest_complete_cohort,0.0029607698001480384,0.008379649422830268,11717,0.9981223862763506
2017Q2,prevalence,cbpe,0.003145552434030723,0.008379649422830268,11717,0.9981223862763506
2017Q2,prevalence,atc,,0.008379649422830268,11717,0.9981223862763506
2017Q2,prevalence,doc,,0.008379649422830268,11717,0.9981223862763506
2017Q2,prevalence,da_cbpe,0.0033452569233649895,0.008379649422830268,11717,0.9981223862763506
2017Q2,prevalence,da_cbpe_hz,0.0019175422641234147,0.008379649422830268,11717,0.9981223862763506
2017Q3,roc_auc,reference,0.8191132911091004,0.802917472126218,12851,0.9985993307913781
2017Q3,roc_auc,recent_arrivals,0.8290544871794873,0.802917472126218,12851,0.9985993307913781
2017Q3,roc_auc,latest_complete_cohort,0.8027868100717026,0.802917472126218,12851,0.9985993307913781
2017Q3,roc_auc,cbpe,0.7786617195085618,0.802917472126218,12851,0.9985993307913781
2017Q3,roc_auc,atc,,0.802917472126218,12851,0.9985993307913781
2017Q3,roc_auc,doc,,0.802917472126218,12851,0.9985993307913781
2017Q3,roc_auc,da_cbpe,0.7776691920937076,0.802917472126218,12851,0.9985993307913781
2017Q3,roc_auc,da_cbpe_hz,0.7778492681404181,0.802917472126218,12851,0.9985993307913781
2017Q3,prevalence,reference,0.007775629430965301,0.010052209148289566,12851,0.9985993307913781
2017Q3,prevalence,recent_arrivals,0.0040858018386108275,0.010052209148289566,12851,0.9985993307913781
2017Q3,prevalence,latest_complete_cohort,0.005967180507210343,0.010052209148289566,12851,0.9985993307913781
2017Q3,prevalence,cbpe,0.0031545564317974643,0.010052209148289566,12851,0.9985993307913781
2017Q3,prevalence,atc,,0.010052209148289566,12851,0.9985993307913781
2017Q3,prevalence,doc,,0.010052209148289566,12851,0.9985993307913781
2017Q3,prevalence,da_cbpe,0.002655940905996738,0.010052209148289566,12851,0.9985993307913781
2017Q3,prevalence,da_cbpe_hz,0.00197432325280424,0.010052209148289566,12851,0.9985993307913781
2017Q4,roc_auc,reference,0.8191132911091004,0.7439602225014159,13464,0.9989601901366607
2017Q4,roc_auc,recent_arrivals,0.7565640495867769,0.7439602225014159,13464,0.9989601901366607
2017Q4,roc_auc,latest_complete_cohort,0.7556530783274968,0.7439602225014159,13464,0.9989601901366607
2017Q4,roc_auc,cbpe,0.7788775545281326,0.7439602225014159,13464,0.9989601901366607
2017Q4,roc_auc,atc,,0.7439602225014159,13464,0.9989601901366607
2017Q4,roc_auc,doc,,0.7439602225014159,13464,0.9989601901366607
2017Q4,roc_auc,da_cbpe,0.7747957336730836,0.7439602225014159,13464,0.9989601901366607
2017Q4,roc_auc,da_cbpe_hz,0.7777594901377706,0.7439602225014159,13464,0.9989601901366607
2017Q4,prevalence,reference,0.007775629430965301,0.006840148698884758,13464,0.9989601901366607
2017Q4,prevalence,recent_arrivals,0.031273455091318486,0.006840148698884758,13464,0.9989601901366607
2017Q4,prevalence,latest_complete_cohort,0.010139764318991504,0.006840148698884758,13464,0.9989601901366607
2017Q4,prevalence,cbpe,0.0030546303341115024,0.006840148698884758,13464,0.9989601901366607
2017Q4,prevalence,atc,,0.006840148698884758,13464,0.9989601901366607
2017Q4,prevalence,doc,,0.006840148698884758,13464,0.9989601901366607
2017Q4,prevalence,da_cbpe,0.014201973429091809,0.006840148698884758,13464,0.9989601901366607
2017Q4,prevalence,da_cbpe_hz,0.0023185539406025074,0.006840148698884758,13464,0.9989601901366607
2018Q1,roc_auc,reference,0.8191132911091004,0.832231707010309,11155,0.9986553115194979
2018Q1,roc_auc,recent_arrivals,0.7869037584103491,0.832231707010309,11155,0.9986553115194979
2018Q1,roc_auc,latest_complete_cohort,0.7892411440973568,0.832231707010309,11155,0.9986553115194979
2018Q1,roc_auc,cbpe,0.778833369583697,0.832231707010309,11155,0.9986553115194979
2018Q1,roc_auc,atc,,0.832231707010309,11155,0.9986553115194979
2018Q1,roc_auc,doc,,0.832231707010309,11155,0.9986553115194979
2018Q1,roc_auc,da_cbpe,0.7741744651703185,0.832231707010309,11155,0.9986553115194979
2018Q1,roc_auc,da_cbpe_hz,0.7776831700000486,0.832231707010309,11155,0.9986553115194979
2018Q1,prevalence,reference,0.007775629430965301,0.005475763016157989,11155,0.9986553115194979
2018Q1,prevalence,recent_arrivals,0.009935283930361864,0.005475763016157989,11155,0.9986553115194979
2018Q1,prevalence,latest_complete_cohort,0.007539041464728056,0.005475763016157989,11155,0.9986553115194979
2018Q1,prevalence,cbpe,0.003140450040221818,0.005475763016157989,11155,0.9986553115194979
2018Q1,prevalence,atc,,0.005475763016157989,11155,0.9986553115194979
2018Q1,prevalence,doc,,0.005475763016157989,11155,0.9986553115194979
2018Q1,prevalence,da_cbpe,0.017579250771406717,0.005475763016157989,11155,0.9986553115194979
2018Q1,prevalence,da_cbpe_hz,0.0030667116794854945,0.005475763016157989,11155,0.9986553115194979
2018Q2,roc_auc,reference,0.8191132911091004,0.7567096388295881,13116,0.998322659347362
2018Q2,roc_auc,recent_arrivals,0.7786220871327254,0.7567096388295881,13116,0.998322659347362
2018Q2,roc_auc,latest_complete_cohort,0.7482300253559159,0.7567096388295881,13116,0.998322659347362
2018Q2,roc_auc,cbpe,0.7826210973404056,0.7567096388295881,13116,0.998322659347362
2018Q2,roc_auc,atc,,0.7567096388295881,13116,0.998322659347362
2018Q2,roc_auc,doc,,0.7567096388295881,13116,0.998322659347362
2018Q2,roc_auc,da_cbpe,0.7784845516341979,0.7567096388295881,13116,0.998322659347362
2018Q2,roc_auc,da_cbpe_hz,0.780900299080274,0.7567096388295881,13116,0.998322659347362
2018Q2,prevalence,reference,0.007775629430965301,0.006033297693600123,13116,0.998322659347362
2018Q2,prevalence,recent_arrivals,0.0045385779122541605,0.006033297693600123,13116,0.998322659347362
2018Q2,prevalence,latest_complete_cohort,0.0057730923694779114,0.006033297693600123,13116,0.998322659347362
2018Q2,prevalence,cbpe,0.0032155081617479754,0.006033297693600123,13116,0.998322659347362
2018Q2,prevalence,atc,,0.006033297693600123,13116,0.998322659347362
2018Q2,prevalence,doc,,0.006033297693600123,13116,0.998322659347362
2018Q2,prevalence,da_cbpe,0.013809156623860105,0.006033297693600123,13116,0.998322659347362
2018Q2,prevalence,da_cbpe_hz,0.005358738693939552,0.006033297693600123,13116,0.998322659347362
2018Q3,roc_auc,reference,0.8191132911091004,0.7119483544131646,12659,0.9984200963741212
2018Q3,roc_auc,recent_arrivals,0.859195059963466,0.7119483544131646,12659,0.9984200963741212
2018Q3,roc_auc,latest_complete_cohort,0.8059628454916176,0.7119483544131646,12659,0.9984200963741212
2018Q3,roc_auc,cbpe,0.7879606236934189,0.7119483544131646,12659,0.9984200963741212
2018Q3,roc_auc,atc,,0.7119483544131646,12659,0.9984200963741212
2018Q3,roc_auc,doc,,0.7119483544131646,12659,0.9984200963741212
2018Q3,roc_auc,da_cbpe,0.7850969276564852,0.7119483544131646,12659,0.9984200963741212
2018Q3,roc_auc,da_cbpe_hz,0.7855756054094474,0.7119483544131646,12659,0.9984200963741212
2018Q3,prevalence,reference,0.007775629430965301,0.03038215048658913,12659,0.9984200963741212
2018Q3,prevalence,recent_arrivals,0.004978662873399715,0.03038215048658913,12659,0.9984200963741212
2018Q3,prevalence,latest_complete_cohort,0.005631899076368551,0.03038215048658913,12659,0.9984200963741212
2018Q3,prevalence,cbpe,0.003422241042872996,0.03038215048658913,12659,0.9984200963741212
2018Q3,prevalence,atc,,0.03038215048658913,12659,0.9984200963741212
2018Q3,prevalence,doc,,0.03038215048658913,12659,0.9984200963741212
2018Q3,prevalence,da_cbpe,0.011135456440643012,0.03038215048658913,12659,0.9984200963741212
2018Q3,prevalence,da_cbpe_hz,0.009153515346956374,0.03038215048658913,12659,0.9984200963741212
2018Q4,roc_auc,reference,0.8191132911091004,0.6953622891848531,12998,0.9982304969995384
2018Q4,roc_auc,recent_arrivals,0.7862715896162995,0.6953622891848531,12998,0.9982304969995384
2018Q4,roc_auc,latest_complete_cohort,0.779615507756789,0.6953622891848531,12998,0.9982304969995384
2018Q4,roc_auc,cbpe,0.7882751253010647,0.6953622891848531,12998,0.9982304969995384
2018Q4,roc_auc,atc,,0.6953622891848531,12998,0.9982304969995384
2018Q4,roc_auc,doc,,0.6953622891848531,12998,0.9982304969995384
2018Q4,roc_auc,da_cbpe,0.786653094576384,0.6953622891848531,12998,0.9982304969995384
2018Q4,roc_auc,da_cbpe_hz,0.786291619835575,0.6953622891848531,12998,0.9982304969995384
2018Q4,prevalence,reference,0.007775629430965301,0.03745664739884393,12998,0.9982304969995384
2018Q4,prevalence,recent_arrivals,0.006218202374222725,0.03745664739884393,12998,0.9982304969995384
2018Q4,prevalence,latest_complete_cohort,0.008341511285574092,0.03745664739884393,12998,0.9982304969995384
2018Q4,prevalence,cbpe,0.0036289142468792445,0.03745664739884393,12998,0.9982304969995384
2018Q4,prevalence,atc,,0.03745664739884393,12998,0.9982304969995384
2018Q4,prevalence,doc,,0.03745664739884393,12998,0.9982304969995384
2018Q4,prevalence,da_cbpe,0.0067245150794898205,0.03745664739884393,12998,0.9982304969995384
2018Q4,prevalence,da_cbpe_hz,0.008070601118533544,0.03745664739884393,12998,0.9982304969995384
2019Q1,roc_auc,reference,0.8191132911091004,0.6852480871249591,11204,0.9975901463762942
2019Q1,roc_auc,recent_arrivals,0.7394520416193866,0.6852480871249591,11204,0.9975901463762942
2019Q1,roc_auc,latest_complete_cohort,0.7864863427824872,0.6852480871249591,11204,0.9975901463762942
2019Q1,roc_auc,cbpe,0.7948391558166603,0.6852480871249591,11204,0.9975901463762942
2019Q1,roc_auc,atc,,0.6852480871249591,11204,0.9975901463762942
2019Q1,roc_auc,doc,,0.6852480871249591,11204,0.9975901463762942
2019Q1,roc_auc,da_cbpe,0.7933880841148955,0.6852480871249591,11204,0.9975901463762942
2019Q1,roc_auc,da_cbpe_hz,0.7937170876864218,0.6852480871249591,11204,0.9975901463762942
2019Q1,prevalence,reference,0.007775629430965301,0.04366108973785452,11204,0.9975901463762942
2019Q1,prevalence,recent_arrivals,0.006951102588686481,0.04366108973785452,11204,0.9975901463762942
2019Q1,prevalence,latest_complete_cohort,0.00974817221770918,0.04366108973785452,11204,0.9975901463762942
2019Q1,prevalence,cbpe,0.003977939452180905,0.04366108973785452,11204,0.9975901463762942
2019Q1,prevalence,atc,,0.04366108973785452,11204,0.9975901463762942
2019Q1,prevalence,doc,,0.04366108973785452,11204,0.9975901463762942
2019Q1,prevalence,da_cbpe,0.006991157295766962,0.04366108973785452,11204,0.9975901463762942
2019Q1,prevalence,da_cbpe_hz,0.005683042260990792,0.04366108973785452,11204,0.9975901463762942
2019Q2,roc_auc,reference,0.8191132911091004,0.692272439883842,12870,0.9977466977466978
2019Q2,roc_auc,recent_arrivals,0.7779034466991573,0.692272439883842,12870,0.9977466977466978
2019Q2,roc_auc,latest_complete_cohort,0.7716317365269462,0.692272439883842,12870,0.9977466977466978
2019Q2,roc_auc,cbpe,0.7868887601969272,0.692272439883842,12870,0.9977466977466978
2019Q2,roc_auc,atc,,0.692272439883842,12870,0.9977466977466978
2019Q2,roc_auc,doc,,0.692272439883842,12870,0.9977466977466978
2019Q2,roc_auc,da_cbpe,0.7851499405496026,0.692272439883842,12870,0.9977466977466978
2019Q2,roc_auc,da_cbpe_hz,0.7855686944446878,0.692272439883842,12870,0.9977466977466978
2019Q2,prevalence,reference,0.007775629430965301,0.04594657736936376,12870,0.9977466977466978
2019Q2,prevalence,recent_arrivals,0.0061371005094951366,0.04594657736936376,12870,0.9977466977466978
2019Q2,prevalence,latest_complete_cohort,0.011366327255505565,0.04594657736936376,12870,0.9977466977466978
2019Q2,prevalence,cbpe,0.0034082536619374046,0.04594657736936376,12870,0.9977466977466978
2019Q2,prevalence,atc,,0.04594657736936376,12870,0.9977466977466978
2019Q2,prevalence,doc,,0.04594657736936376,12870,0.9977466977466978
2019Q2,prevalence,da_cbpe,0.006468778830682331,0.04594657736936376,12870,0.9977466977466978
2019Q2,prevalence,da_cbpe_hz,0.004875664440033568,0.04594657736936376,12870,0.9977466977466978
2019Q3,roc_auc,reference,0.8191132911091004,0.6660914832077137,12504,0.9978406909788867
2019Q3,roc_auc,recent_arrivals,0.7968294131316,0.6660914832077137,12504,0.9978406909788867
2019Q3,roc_auc,latest_complete_cohort,0.7036761498425446,0.6660914832077137,12504,0.9978406909788867
2019Q3,roc_auc,cbpe,0.7793181080412966,0.6660914832077137,12504,0.9978406909788867
2019Q3,roc_auc,atc,,0.6660914832077137,12504,0.9978406909788867
2019Q3,roc_auc,doc,,0.6660914832077137,12504,0.9978406909788867
2019Q3,roc_auc,da_cbpe,0.7774497192888954,0.6660914832077137,12504,0.9978406909788867
2019Q3,roc_auc,da_cbpe_hz,0.7777677699595873,0.6660914832077137,12504,0.9978406909788867
2019Q3,prevalence,reference,0.007775629430965301,0.043600224412919775,12504,0.9978406909788867
2019Q3,prevalence,recent_arrivals,0.0051798832171783766,0.043600224412919775,12504,0.9978406909788867
2019Q3,prevalence,latest_complete_cohort,0.009006928406466512,0.043600224412919775,12504,0.9978406909788867
2019Q3,prevalence,cbpe,0.0030538422153550014,0.043600224412919775,12504,0.9978406909788867
2019Q3,prevalence,atc,,0.043600224412919775,12504,0.9978406909788867
2019Q3,prevalence,doc,,0.043600224412919775,12504,0.9978406909788867
2019Q3,prevalence,da_cbpe,0.00543894278589023,0.043600224412919775,12504,0.9978406909788867
2019Q3,prevalence,da_cbpe_hz,0.004371316767095476,0.043600224412919775,12504,0.9978406909788867
2019Q4,roc_auc,reference,0.8191132911091004,0.6930359633185748,13237,0.9982624461736043
2019Q4,roc_auc,recent_arrivals,0.8034204978130212,0.6930359633185748,13237,0.9982624461736043
2019Q4,roc_auc,latest_complete_cohort,0.7712995930824009,0.6930359633185748,13237,0.9982624461736043
2019Q4,roc_auc,cbpe,0.7814235131697501,0.6930359633185748,13237,0.9982624461736043
2019Q4,roc_auc,atc,,0.6930359633185748,13237,0.9982624461736043
2019Q4,roc_auc,doc,,0.6930359633185748,13237,0.9982624461736043
2019Q4,roc_auc,da_cbpe,0.778883328597902,0.6930359633185748,13237,0.9982624461736043
2019Q4,roc_auc,da_cbpe_hz,0.7791853306056805,0.6930359633185748,13237,0.9982624461736043
2019Q4,prevalence,reference,0.007775629430965301,0.04858483426668685,13237,0.9982624461736043
2019Q4,prevalence,recent_arrivals,0.005632216277105041,0.04858483426668685,13237,0.9982624461736043
2019Q4,prevalence,latest_complete_cohort,0.004052684903748734,0.04858483426668685,13237,0.9982624461736043
2019Q4,prevalence,cbpe,0.002671299948913301,0.04858483426668685,13237,0.9982624461736043
2019Q4,prevalence,atc,,0.04858483426668685,13237,0.9982624461736043
2019Q4,prevalence,doc,,0.04858483426668685,13237,0.9982624461736043
2019Q4,prevalence,da_cbpe,0.00477719773231087,0.04858483426668685,13237,0.9982624461736043
2019Q4,prevalence,da_cbpe_hz,0.003831016057005291,0.04858483426668685,13237,0.9982624461736043
2020Q1,roc_auc,reference,0.8191132911091004,0.6446589945470095,11212,0.998572957545487
2020Q1,roc_auc,recent_arrivals,0.7853680308585116,0.6446589945470095,11212,0.998572957545487
2020Q1,roc_auc,latest_complete_cohort,0.7748366871033002,0.6446589945470095,11212,0.998572957545487
2020Q1,roc_auc,cbpe,0.7764465526107501,0.6446589945470095,11212,0.998572957545487
2020Q1,roc_auc,atc,,0.6446589945470095,11212,0.998572957545487
2020Q1,roc_auc,doc,,0.6446589945470095,11212,0.998572957545487
2020Q1,roc_auc,da_cbpe,0.7743208567045456,0.6446589945470095,11212,0.998572957545487
2020Q1,roc_auc,da_cbpe_hz,0.7746887317126326,0.6446589945470095,11212,0.998572957545487
2020Q1,prevalence,reference,0.007775629430965301,0.04635584137191854,11212,0.998572957545487
2020Q1,prevalence,recent_arrivals,0.005260986177016712,0.04635584137191854,11212,0.998572957545487
2020Q1,prevalence,latest_complete_cohort,0.004443282801881861,0.04635584137191854,11212,0.998572957545487
2020Q1,prevalence,cbpe,0.0027148421946401047,0.04635584137191854,11212,0.998572957545487
2020Q1,prevalence,atc,,0.04635584137191854,11212,0.998572957545487
2020Q1,prevalence,doc,,0.04635584137191854,11212,0.998572957545487
2020Q1,prevalence,da_cbpe,0.004643289981837349,0.04635584137191854,11212,0.998572957545487
2020Q1,prevalence,da_cbpe_hz,0.0035110396445853383,0.04635584137191854,11212,0.998572957545487
2020Q2,roc_auc,reference,0.8191132911091004,0.6745664342002164,12667,0.9972369148180311
2020Q2,roc_auc,recent_arrivals,0.6853684277984051,0.6745664342002164,12667,0.9972369148180311
2020Q2,roc_auc,latest_complete_cohort,0.7019841672587028,0.6745664342002164,12667,0.9972369148180311
2020Q2,roc_auc,cbpe,0.7788468285683366,0.6745664342002164,12667,0.9972369148180311
2020Q2,roc_auc,atc,,0.6745664342002164,12667,0.9972369148180311
2020Q2,roc_auc,doc,,0.6745664342002164,12667,0.9972369148180311
2020Q2,roc_auc,da_cbpe,0.7649679989665598,0.6745664342002164,12667,0.9972369148180311
2020Q2,roc_auc,da_cbpe_hz,0.7755932032707793,0.6745664342002164,12667,0.9972369148180311
2020Q2,prevalence,reference,0.007775629430965301,0.028103229892336924,12667,0.9972369148180311
2020Q2,prevalence,recent_arrivals,0.1251655629139073,0.028103229892336924,12667,0.9972369148180311
2020Q2,prevalence,latest_complete_cohort,0.027486606102958305,0.028103229892336924,12667,0.9972369148180311
2020Q2,prevalence,cbpe,0.002277473163749505,0.028103229892336924,12667,0.9972369148180311
2020Q2,prevalence,atc,,0.028103229892336924,12667,0.9972369148180311
2020Q2,prevalence,doc,,0.028103229892336924,12667,0.9972369148180311
2020Q2,prevalence,da_cbpe,0.046808074860658064,0.028103229892336924,12667,0.9972369148180311
2020Q2,prevalence,da_cbpe_hz,0.0036275455691857326,0.028103229892336924,12667,0.9972369148180311
2020Q3,roc_auc,reference,0.8191132911091004,0.7072250877901562,12982,0.9982283161300262
2020Q3,roc_auc,recent_arrivals,0.6565184669905412,0.7072250877901562,12982,0.9982283161300262
2020Q3,roc_auc,latest_complete_cohort,0.7302260631656057,0.7072250877901562,12982,0.9982283161300262
2020Q3,roc_auc,cbpe,0.7819694344941702,0.7072250877901562,12982,0.9982283161300262
2020Q3,roc_auc,atc,,0.7072250877901562,12982,0.9982283161300262
2020Q3,roc_auc,doc,,0.7072250877901562,12982,0.9982283161300262
2020Q3,roc_auc,da_cbpe,0.76119460100997,0.7072250877901562,12982,0.9982283161300262
2020Q3,roc_auc,da_cbpe_hz,0.7770996055589916,0.7072250877901562,12982,0.9982283161300262
2020Q3,prevalence,reference,0.007775629430965301,0.008565475731152095,12982,0.9982283161300262
2020Q3,prevalence,recent_arrivals,0.05669419802182115,0.008565475731152095,12982,0.9982283161300262
2020Q3,prevalence,latest_complete_cohort,0.037251840285523086,0.008565475731152095,12982,0.9982283161300262
2020Q3,prevalence,cbpe,0.0020915001595867132,0.008565475731152095,12982,0.9982283161300262
2020Q3,prevalence,atc,,0.008565475731152095,12982,0.9982283161300262
2020Q3,prevalence,doc,,0.008565475731152095,12982,0.9982283161300262
2020Q3,prevalence,da_cbpe,0.07942537038715662,0.008565475731152095,12982,0.9982283161300262
2020Q3,prevalence,da_cbpe_hz,0.0061275295659786125,0.008565475731152095,12982,0.9982283161300262
2020Q4,roc_auc,reference,0.8191132911091004,0.7094842171222684,12885,0.9986030267753201
2020Q4,roc_auc,recent_arrivals,0.6977971414133494,0.7094842171222684,12885,0.9986030267753201
2020Q4,roc_auc,latest_complete_cohort,0.6998771150392287,0.7094842171222684,12885,0.9986030267753201
2020Q4,roc_auc,cbpe,0.7824320360824792,0.7094842171222684,12885,0.9986030267753201
2020Q4,roc_auc,atc,,0.7094842171222684,12885,0.9986030267753201
2020Q4,roc_auc,doc,,0.7094842171222684,12885,0.9986030267753201
2020Q4,roc_auc,da_cbpe,0.7635525127399397,0.7094842171222684,12885,0.9986030267753201
2020Q4,roc_auc,da_cbpe_hz,0.7736827370598442,0.7094842171222684,12885,0.9986030267753201
2020Q4,prevalence,reference,0.007775629430965301,0.007771819382917541,12885,0.9986030267753201
2020Q4,prevalence,recent_arrivals,0.02522564221245082,0.007771819382917541,12885,0.9986030267753201
2020Q4,prevalence,latest_complete_cohort,0.03612121212121212,0.007771819382917541,12885,0.9986030267753201
2020Q4,prevalence,cbpe,0.0019310982482487202,0.007771819382917541,12885,0.9986030267753201
2020Q4,prevalence,atc,,0.007771819382917541,12885,0.9986030267753201
2020Q4,prevalence,doc,,0.007771819382917541,12885,0.9986030267753201
2020Q4,prevalence,da_cbpe,0.06840008917604776,0.007771819382917541,12885,0.9986030267753201
2020Q4,prevalence,da_cbpe_hz,0.017014099566031688,0.007771819382917541,12885,0.9986030267753201
2021Q1,roc_auc,reference,0.8191132911091004,0.7217421779641559,11944,0.9973208305425318
2021Q1,roc_auc,recent_arrivals,0.6659672841044051,0.7217421779641559,11944,0.9973208305425318
2021Q1,roc_auc,latest_complete_cohort,0.6867138166203587,0.7217421779641559,11944,0.9973208305425318
2021Q1,roc_auc,cbpe,0.7819434093937351,0.7217421779641559,11944,0.9973208305425318
2021Q1,roc_auc,atc,,0.7217421779641559,11944,0.9973208305425318
2021Q1,roc_auc,doc,,0.7217421779641559,11944,0.9973208305425318
2021Q1,roc_auc,da_cbpe,0.7644311075393659,0.7217421779641559,11944,0.9973208305425318
2021Q1,roc_auc,da_cbpe_hz,0.7750599580633698,0.7217421779641559,11944,0.9973208305425318
2021Q1,prevalence,reference,0.007775629430965301,0.007639355271994627,11944,0.9973208305425318
2021Q1,prevalence,recent_arrivals,0.024253731343283583,0.007639355271994627,11944,0.9973208305425318
2021Q1,prevalence,latest_complete_cohort,0.045794167269221496,0.007639355271994627,11944,0.9973208305425318
2021Q1,prevalence,cbpe,0.002044393015303962,0.007639355271994627,11944,0.9973208305425318
2021Q1,prevalence,atc,,0.007639355271994627,11944,0.9973208305425318
2021Q1,prevalence,doc,,0.007639355271994627,11944,0.9973208305425318
2021Q1,prevalence,da_cbpe,0.057033466402366596,0.007639355271994627,11944,0.9973208305425318
2021Q1,prevalence,da_cbpe_hz,0.010699370214410671,0.007639355271994627,11944,0.9973208305425318
2021Q2,roc_auc,reference,0.8191132911091004,0.7326199619986924,12836,0.9974291056403864
2021Q2,roc_auc,recent_arrivals,0.6569542069119999,0.7326199619986924,12836,0.9974291056403864
2021Q2,roc_auc,latest_complete_cohort,0.6483493311290677,0.7326199619986924,12836,0.9974291056403864
2021Q2,roc_auc,cbpe,0.7800480887875741,0.7326199619986924,12836,0.9974291056403864
2021Q2,roc_auc,atc,,0.7326199619986924,12836,0.9974291056403864
2021Q2,roc_auc,doc,,0.7326199619986924,12836,0.9974291056403864
2021Q2,roc_auc,da_cbpe,0.7673842452349788,0.7326199619986924,12836,0.9974291056403864
2021Q2,roc_auc,da_cbpe_hz,0.7750988736521943,0.7326199619986924,12836,0.9974291056403864
2021Q2,prevalence,reference,0.007775629430965301,0.006404748886979614,12836,0.9974291056403864
2021Q2,prevalence,recent_arrivals,0.014086897488119483,0.006404748886979614,12836,0.9974291056403864
2021Q2,prevalence,latest_complete_cohort,0.04340761374187558,0.006404748886979614,12836,0.9974291056403864
2021Q2,prevalence,cbpe,0.0021738542874983396,0.006404748886979614,12836,0.9974291056403864
2021Q2,prevalence,atc,,0.006404748886979614,12836,0.9974291056403864
2021Q2,prevalence,doc,,0.006404748886979614,12836,0.9974291056403864
2021Q2,prevalence,da_cbpe,0.03838661064296528,0.006404748886979614,12836,0.9974291056403864
2021Q2,prevalence,da_cbpe_hz,0.007663512676367245,0.006404748886979614,12836,0.9974291056403864
2021Q3,roc_auc,reference,0.8191132911091004,0.7508677685950413,12232,0.9987737083060824
2021Q3,roc_auc,recent_arrivals,0.6627454813043278,0.7508677685950413,12232,0.9987737083060824
2021Q3,roc_auc,latest_complete_cohort,0.7013768922405679,0.7508677685950413,12232,0.9987737083060824
2021Q3,roc_auc,cbpe,0.7710055130331468,0.7508677685950413,12232,0.9987737083060824
2021Q3,roc_auc,atc,,0.7508677685950413,12232,0.9987737083060824
2021Q3,roc_auc,doc,,0.7508677685950413,12232,0.9987737083060824
2021Q3,roc_auc,da_cbpe,0.7643297112564152,0.7508677685950413,12232,0.9987737083060824
2021Q3,roc_auc,da_cbpe_hz,0.7680647414272066,0.7508677685950413,12232,0.9987737083060824
2021Q3,prevalence,reference,0.007775629430965301,0.009576819186379634,12232,0.9987737083060824
2021Q3,prevalence,recent_arrivals,0.010521429676620765,0.009576819186379634,12232,0.9987737083060824
2021Q3,prevalence,latest_complete_cohort,0.0457002457002457,0.009576819186379634,12232,0.9987737083060824
2021Q3,prevalence,cbpe,0.0025260402801931176,0.009576819186379634,12232,0.9987737083060824
2021Q3,prevalence,atc,,0.009576819186379634,12232,0.9987737083060824
2021Q3,prevalence,doc,,0.009576819186379634,12232,0.9987737083060824
2021Q3,prevalence,da_cbpe,0.022287390895726514,0.009576819186379634,12232,0.9987737083060824
2021Q3,prevalence,da_cbpe_hz,0.00595181378235141,0.009576819186379634,12232,0.9987737083060824
2021Q4,roc_auc,reference,0.8191132911091004,0.7426635803990269,13287,0.9983442462557387
2021Q4,roc_auc,recent_arrivals,0.7095106577885943,0.7426635803990269,13287,0.9983442462557387
2021Q4,roc_auc,latest_complete_cohort,0.6365179379957424,0.7426635803990269,13287,0.9983442462557387
2021Q4,roc_auc,cbpe,0.7721688924715928,0.7426635803990269,13287,0.9983442462557387
2021Q4,roc_auc,atc,,0.7426635803990269,13287,0.9983442462557387
2021Q4,roc_auc,doc,,0.7426635803990269,13287,0.9983442462557387
2021Q4,roc_auc,da_cbpe,0.7659390612488994,0.7426635803990269,13287,0.9983442462557387
2021Q4,roc_auc,da_cbpe_hz,0.7692809784417027,0.7426635803990269,13287,0.9983442462557387
2021Q4,prevalence,reference,0.007775629430965301,0.010252544289483603,13287,0.9983442462557387
2021Q4,prevalence,recent_arrivals,0.010072655217965654,0.010252544289483603,13287,0.9983442462557387
2021Q4,prevalence,latest_complete_cohort,0.04221435793731042,0.010252544289483603,13287,0.9983442462557387
2021Q4,prevalence,cbpe,0.0026362753617645306,0.010252544289483603,13287,0.9983442462557387
2021Q4,prevalence,atc,,0.010252544289483603,13287,0.9983442462557387
2021Q4,prevalence,doc,,0.010252544289483603,13287,0.9983442462557387
2021Q4,prevalence,da_cbpe,0.020741303838014924,0.010252544289483603,13287,0.9983442462557387
2021Q4,prevalence,da_cbpe_hz,0.006691805563538045,0.010252544289483603,13287,0.9983442462557387
2022Q1,roc_auc,reference,0.8191132911091004,0.7465873992866618,12129,0.9976090361942452
2022Q1,roc_auc,recent_arrivals,0.6855773531082666,0.7465873992866618,12129,0.9976090361942452
2022Q1,roc_auc,latest_complete_cohort,0.6599763217285138,0.7465873992866618,12129,0.9976090361942452
2022Q1,roc_auc,cbpe,0.77261910713576,0.7465873992866618,12129,0.9976090361942452
2022Q1,roc_auc,atc,,0.7465873992866618,12129,0.9976090361942452
2022Q1,roc_auc,doc,,0.7465873992866618,12129,0.9976090361942452
2022Q1,roc_auc,da_cbpe,0.7672766337429132,0.7465873992866618,12129,0.9976090361942452
2022Q1,roc_auc,da_cbpe_hz,0.7694901327048144,0.7465873992866618,12129,0.9976090361942452
2022Q1,prevalence,reference,0.007775629430965301,0.012148760330578512,12129,0.9976090361942452
2022Q1,prevalence,recent_arrivals,0.00950020652622883,0.012148760330578512,12129,0.9976090361942452
2022Q1,prevalence,latest_complete_cohort,0.040471723398552664,0.012148760330578512,12129,0.9976090361942452
2022Q1,prevalence,cbpe,0.002850531646282927,0.012148760330578512,12129,0.9976090361942452
2022Q1,prevalence,atc,,0.012148760330578512,12129,0.9976090361942452
2022Q1,prevalence,doc,,0.012148760330578512,12129,0.9976090361942452
2022Q1,prevalence,da_cbpe,0.019962867102874593,0.012148760330578512,12129,0.9976090361942452
2022Q1,prevalence,da_cbpe_hz,0.009831019863510744,0.012148760330578512,12129,0.9976090361942452
2022Q2,roc_auc,reference,0.8191132911091004,0.7413486368189762,12805,0.9969543147208122
2022Q2,roc_auc,recent_arrivals,0.6981435790284816,0.7413486368189762,12805,0.9969543147208122
2022Q2,roc_auc,latest_complete_cohort,0.688146661214577,0.7413486368189762,12805,0.9969543147208122
2022Q2,roc_auc,cbpe,0.7694789736428385,0.7413486368189762,12805,0.9969543147208122
2022Q2,roc_auc,atc,,0.7413486368189762,12805,0.9969543147208122
2022Q2,roc_auc,doc,,0.7413486368189762,12805,0.9969543147208122
2022Q2,roc_auc,da_cbpe,0.7648698923120736,0.7413486368189762,12805,0.9969543147208122
2022Q2,roc_auc,da_cbpe_hz,0.7675636649477365,0.7413486368189762,12805,0.9969543147208122
2022Q2,prevalence,reference,0.007775629430965301,0.016371612094626353,12805,0.9969543147208122
2022Q2,prevalence,recent_arrivals,0.007778153533987149,0.016371612094626353,12805,0.9969543147208122
2022Q2,prevalence,latest_complete_cohort,0.010810810810810811,0.016371612094626353,12805,0.9969543147208122
2022Q2,prevalence,cbpe,0.003198206406288043,0.016371612094626353,12805,0.9969543147208122
2022Q2,prevalence,atc,,0.016371612094626353,12805,0.9969543147208122
2022Q2,prevalence,doc,,0.016371612094626353,12805,0.9969543147208122
2022Q2,prevalence,da_cbpe,0.019478115123124504,0.016371612094626353,12805,0.9969543147208122
2022Q2,prevalence,da_cbpe_hz,0.007152907484060125,0.016371612094626353,12805,0.9969543147208122
2022Q3,roc_auc,reference,0.8191132911091004,0.7629998249585191,12465,0.9958283192940233
2022Q3,roc_auc,recent_arrivals,0.8162597772526607,0.7629998249585191,12465,0.9958283192940233
2022Q3,roc_auc,latest_complete_cohort,0.6660961582700713,0.7629998249585191,12465,0.9958283192940233
2022Q3,roc_auc,cbpe,0.794783094010775,0.7629998249585191,12465,0.9958283192940233
2022Q3,roc_auc,atc,,0.7629998249585191,12465,0.9958283192940233
2022Q3,roc_auc,doc,,0.7629998249585191,12465,0.9958283192940233
2022Q3,roc_auc,da_cbpe,0.7895656299120725,0.7629998249585191,12465,0.9958283192940233
2022Q3,roc_auc,da_cbpe_hz,0.7932284490046685,0.7629998249585191,12465,0.9958283192940233
2022Q3,prevalence,reference,0.007775629430965301,0.01989849351486345,12465,0.9958283192940233
2022Q3,prevalence,recent_arrivals,0.008725021108922038,0.01989849351486345,12465,0.9958283192940233
2022Q3,prevalence,latest_complete_cohort,0.006663376110562685,0.01989849351486345,12465,0.9958283192940233
2022Q3,prevalence,cbpe,0.004589508026133093,0.01989849351486345,12465,0.9958283192940233
2022Q3,prevalence,atc,,0.01989849351486345,12465,0.9958283192940233
2022Q3,prevalence,doc,,0.01989849351486345,12465,0.9958283192940233
2022Q3,prevalence,da_cbpe,0.02923821528984435,0.01989849351486345,12465,0.9958283192940233
2022Q3,prevalence,da_cbpe_hz,0.010184917596320717,0.01989849351486345,12465,0.9958283192940233
2022Q4,roc_auc,reference,0.8191132911091004,0.7479865794534275,12611,0.9949250654190785
2022Q4,roc_auc,recent_arrivals,0.8501823262656008,0.7479865794534275,12611,0.9949250654190785
2022Q4,roc_auc,latest_complete_cohort,0.6547032828282828,0.7479865794534275,12611,0.9949250654190785
2022Q4,roc_auc,cbpe,0.7923192864723572,0.7479865794534275,12611,0.9949250654190785
2022Q4,roc_auc,atc,,0.7479865794534275,12611,0.9949250654190785
2022Q4,roc_auc,doc,,0.7479865794534275,12611,0.9949250654190785
2022Q4,roc_auc,da_cbpe,0.7866788132098288,0.7479865794534275,12611,0.9949250654190785
2022Q4,roc_auc,da_cbpe_hz,0.7865495912410002,0.7479865794534275,12611,0.9949250654190785
2022Q4,prevalence,reference,0.007775629430965301,0.019128078425121542,12611,0.9949250654190785
2022Q4,prevalence,recent_arrivals,0.01329336634953734,0.019128078425121542,12611,0.9949250654190785
2022Q4,prevalence,latest_complete_cohort,0.007021063189568706,0.019128078425121542,12611,0.9949250654190785
2022Q4,prevalence,cbpe,0.005446921001606218,0.019128078425121542,12611,0.9949250654190785
2022Q4,prevalence,atc,,0.019128078425121542,12611,0.9949250654190785
2022Q4,prevalence,doc,,0.019128078425121542,12611,0.9949250654190785
2022Q4,prevalence,da_cbpe,0.04147734028346718,0.019128078425121542,12611,0.9949250654190785
2022Q4,prevalence,da_cbpe_hz,0.04236388178677541,0.019128078425121542,12611,0.9949250654190785
2023Q1,roc_auc,reference,0.8191132911091004,0.7272776336608053,11312,0.9954031117397454
2023Q1,roc_auc,recent_arrivals,0.8377311870208926,0.7272776336608053,11312,0.9954031117397454
2023Q1,roc_auc,latest_complete_cohort,0.7242123370352487,0.7272776336608053,11312,0.9954031117397454
2023Q1,roc_auc,cbpe,0.7842539552172471,0.7272776336608053,11312,0.9954031117397454
2023Q1,roc_auc,atc,,0.7272776336608053,11312,0.9954031117397454
2023Q1,roc_auc,doc,,0.7272776336608053,11312,0.9954031117397454
2023Q1,roc_auc,da_cbpe,0.7781832937972042,0.7272776336608053,11312,0.9954031117397454
2023Q1,roc_auc,da_cbpe_hz,0.7801415323335478,0.7272776336608053,11312,0.9954031117397454
2023Q1,prevalence,reference,0.007775629430965301,0.020515097690941387,11312,0.9954031117397454
2023Q1,prevalence,recent_arrivals,0.013836915847184753,0.020515097690941387,11312,0.9954031117397454
2023Q1,prevalence,latest_complete_cohort,0.005760921747479597,0.020515097690941387,11312,0.9954031117397454
2023Q1,prevalence,cbpe,0.006956950487952195,0.020515097690941387,11312,0.9954031117397454
2023Q1,prevalence,atc,,0.020515097690941387,11312,0.9954031117397454
2023Q1,prevalence,doc,,0.020515097690941387,11312,0.9954031117397454
2023Q1,prevalence,da_cbpe,0.05811404401253598,0.020515097690941387,11312,0.9954031117397454
2023Q1,prevalence,da_cbpe_hz,0.041175769669465644,0.020515097690941387,11312,0.9954031117397454
2023Q2,roc_auc,reference,0.8191132911091004,0.7707849102295649,12596,0.9959510955859003
2023Q2,roc_auc,recent_arrivals,0.8130767199577512,0.7707849102295649,12596,0.9959510955859003
2023Q2,roc_auc,latest_complete_cohort,0.6962699681146283,0.7707849102295649,12596,0.9959510955859003
2023Q2,roc_auc,cbpe,0.7910204773430092,0.7707849102295649,12596,0.9959510955859003
2023Q2,roc_auc,atc,,0.7707849102295649,12596,0.9959510955859003
2023Q2,roc_auc,doc,,0.7707849102295649,12596,0.9959510955859003
2023Q2,roc_auc,da_cbpe,0.7855432479887131,0.7707849102295649,12596,0.9959510955859003
2023Q2,roc_auc,da_cbpe_hz,0.7864401860085115,0.7707849102295649,12596,0.9959510955859003
2023Q2,prevalence,reference,0.007775629430965301,0.01889198884017537,12596,0.9959510955859003
2023Q2,prevalence,recent_arrivals,0.013306552849610846,0.01889198884017537,12596,0.9959510955859003
2023Q2,prevalence,latest_complete_cohort,0.00858480749219563,0.01889198884017537,12596,0.9959510955859003
2023Q2,prevalence,cbpe,0.006716271180109622,0.01889198884017537,12596,0.9959510955859003
2023Q2,prevalence,atc,,0.01889198884017537,12596,0.9959510955859003
2023Q2,prevalence,doc,,0.01889198884017537,12596,0.9959510955859003
2023Q2,prevalence,da_cbpe,0.05068717875990149,0.01889198884017537,12596,0.9959510955859003
2023Q2,prevalence,da_cbpe_hz,0.04335010272167454,0.01889198884017537,12596,0.9959510955859003
2023Q3,roc_auc,reference,0.8191132911091004,0.7730815173081282,13224,0.9978826376285541
2023Q3,roc_auc,recent_arrivals,0.8373259836708336,0.7730815173081282,13224,0.9978826376285541
2023Q3,roc_auc,latest_complete_cohort,0.7136446947322438,0.7730815173081282,13224,0.9978826376285541
2023Q3,roc_auc,cbpe,0.7877905622768793,0.7730815173081282,13224,0.9978826376285541
2023Q3,roc_auc,atc,,0.7730815173081282,13224,0.9978826376285541
2023Q3,roc_auc,doc,,0.7730815173081282,13224,0.9978826376285541
2023Q3,roc_auc,da_cbpe,0.7830538170080253,0.7730815173081282,13224,0.9978826376285541
2023Q3,roc_auc,da_cbpe_hz,0.7851649757419624,0.7730815173081282,13224,0.9978826376285541
2023Q3,prevalence,reference,0.007775629430965301,0.017353743558654138,13224,0.9978826376285541
2023Q3,prevalence,recent_arrivals,0.016056984184474224,0.017353743558654138,13224,0.9978826376285541
2023Q3,prevalence,latest_complete_cohort,0.011272141706924315,0.017353743558654138,13224,0.9978826376285541
2023Q3,prevalence,cbpe,0.006435762434926129,0.017353743558654138,13224,0.9978826376285541
2023Q3,prevalence,atc,,0.017353743558654138,13224,0.9978826376285541
2023Q3,prevalence,doc,,0.017353743558654138,13224,0.9978826376285541
2023Q3,prevalence,da_cbpe,0.04070925714085771,0.017353743558654138,13224,0.9978826376285541
2023Q3,prevalence,da_cbpe_hz,0.025107538383719766,0.017353743558654138,13224,0.9978826376285541
2023Q4,roc_auc,reference,0.8191132911091004,0.7963677820522552,13058,0.9967835809465462
2023Q4,roc_auc,recent_arrivals,0.8472469525256066,0.7963677820522552,13058,0.9967835809465462
2023Q4,roc_auc,latest_complete_cohort,0.7517432823744836,0.7963677820522552,13058,0.9967835809465462
2023Q4,roc_auc,cbpe,0.7830802272057082,0.7963677820522552,13058,0.9967835809465462
2023Q4,roc_auc,atc,,0.7963677820522552,13058,0.9967835809465462
2023Q4,roc_auc,doc,,0.7963677820522552,13058,0.9967835809465462
2023Q4,roc_auc,da_cbpe,0.7796464388351511,0.7963677820522552,13058,0.9967835809465462
2023Q4,roc_auc,da_cbpe_hz,0.7799055378312213,0.7963677820522552,13058,0.9967835809465462
2023Q4,prevalence,reference,0.007775629430965301,0.016364474492931776,13058,0.9967835809465462
2023Q4,prevalence,recent_arrivals,0.01722356183258698,0.016364474492931776,13058,0.9967835809465462
2023Q4,prevalence,latest_complete_cohort,0.011138014527845037,0.016364474492931776,13058,0.9967835809465462
2023Q4,prevalence,cbpe,0.007695617297663588,0.016364474492931776,13058,0.9967835809465462
2023Q4,prevalence,atc,,0.016364474492931776,13058,0.9967835809465462
2023Q4,prevalence,doc,,0.016364474492931776,13058,0.9967835809465462
2023Q4,prevalence,da_cbpe,0.03573570822805598,0.016364474492931776,13058,0.9967835809465462
2023Q4,prevalence,da_cbpe_hz,0.03359094973486034,0.016364474492931776,13058,0.9967835809465462
2024Q1,roc_auc,reference,0.8191132911091004,0.7903849756463095,10931,0.9958832677705608
2024Q1,roc_auc,recent_arrivals,0.8542137248574809,0.7903849756463095,10931,0.9958832677705608
2024Q1,roc_auc,latest_complete_cohort,0.7013349613349613,0.7903849756463095,10931,0.9958832677705608
2024Q1,roc_auc,cbpe,0.7842054469997853,0.7903849756463095,10931,0.9958832677705608
2024Q1,roc_auc,atc,,0.7903849756463095,10931,0.9958832677705608
2024Q1,roc_auc,doc,,0.7903849756463095,10931,0.9958832677705608
2024Q1,roc_auc,da_cbpe,0.7815952524428768,0.7903849756463095,10931,0.9958832677705608
2024Q1,roc_auc,da_cbpe_hz,0.7815810028885486,0.7903849756463095,10931,0.9958832677705608
2024Q1,prevalence,reference,0.007775629430965301,0.01929083226162043,10931,0.9958832677705608
2024Q1,prevalence,recent_arrivals,0.013960147953704809,0.01929083226162043,10931,0.9958832677705608
2024Q1,prevalence,latest_complete_cohort,0.015897047691143074,0.01929083226162043,10931,0.9958832677705608
2024Q1,prevalence,cbpe,0.00799974470398905,0.01929083226162043,10931,0.9958832677705608
2024Q1,prevalence,atc,,0.01929083226162043,10931,0.9958832677705608
2024Q1,prevalence,doc,,0.01929083226162043,10931,0.9958832677705608
2024Q1,prevalence,da_cbpe,0.03025537111842274,0.01929083226162043,10931,0.9958832677705608
2024Q1,prevalence,da_cbpe_hz,0.030377670757652783,0.01929083226162043,10931,0.9958832677705608
2024Q2,roc_auc,reference,0.8191132911091004,,13575,0.469097605893186
2024Q2,roc_auc,recent_arrivals,0.8813052096426095,,13575,0.469097605893186
2024Q2,roc_auc,latest_complete_cohort,0.7606689905077002,,13575,0.469097605893186
2024Q2,roc_auc,cbpe,0.7937022837400927,,13575,0.469097605893186
2024Q2,roc_auc,atc,,,13575,0.469097605893186
2024Q2,roc_auc,doc,,,13575,0.469097605893186
2024Q2,roc_auc,da_cbpe,0.7913726023008363,,13575,0.469097605893186
2024Q2,roc_auc,da_cbpe_hz,0.7918042825400026,,13575,0.469097605893186
2024Q2,prevalence,reference,0.007775629430965301,,13575,0.469097605893186
2024Q2,prevalence,recent_arrivals,0.015104703055269482,,13575,0.469097605893186
2024Q2,prevalence,latest_complete_cohort,0.01957831325301205,,13575,0.469097605893186
2024Q2,prevalence,cbpe,0.007304921206580948,,13575,0.469097605893186
2024Q2,prevalence,atc,,,13575,0.469097605893186
2024Q2,prevalence,doc,,,13575,0.469097605893186
2024Q2,prevalence,da_cbpe,0.025075254906325548,,13575,0.469097605893186
2024Q2,prevalence,da_cbpe_hz,0.021744686236730867,,13575,0.469097605893186
2024Q3,roc_auc,reference,0.8191132911091004,,12239,0.24936677833156304
2024Q3,roc_auc,recent_arrivals,0.8179227743909805,,12239,0.24936677833156304
2024Q3,roc_auc,latest_complete_cohort,0.7551812664163711,,12239,0.24936677833156304
2024Q3,roc_auc,cbpe,0.7900265115238851,,12239,0.24936677833156304
2024Q3,roc_auc,atc,,,12239,0.24936677833156304
2024Q3,roc_auc,doc,,,12239,0.24936677833156304
2024Q3,roc_auc,da_cbpe,0.7881598792051873,,12239,0.24936677833156304
2024Q3,roc_auc,da_cbpe_hz,0.7885044597376686,,12239,0.24936677833156304
2024Q3,prevalence,reference,0.007775629430965301,,12239,0.24936677833156304
2024Q3,prevalence,recent_arrivals,0.016575180281993326,,12239,0.24936677833156304
2024Q3,prevalence,latest_complete_cohort,0.01818600368324125,,12239,0.24936677833156304
2024Q3,prevalence,cbpe,0.00765263577222708,,12239,0.24936677833156304
2024Q3,prevalence,atc,,,12239,0.24936677833156304
2024Q3,prevalence,doc,,,12239,0.24936677833156304
2024Q3,prevalence,da_cbpe,0.0226273657085548,,12239,0.24936677833156304
2024Q3,prevalence,da_cbpe_hz,0.01982067307952924,,12239,0.24936677833156304
2024Q4,roc_auc,reference,0.8191132911091004,,13536,0.12470449172576832
2024Q4,roc_auc,recent_arrivals,0.7810509623534897,,13536,0.12470449172576832
2024Q4,roc_auc,latest_complete_cohort,0.7263826940231934,,13536,0.12470449172576832
2024Q4,roc_auc,cbpe,0.8003185019763441,,13536,0.12470449172576832
2024Q4,roc_auc,atc,,,13536,0.12470449172576832
2024Q4,roc_auc,doc,,,13536,0.12470449172576832
2024Q4,roc_auc,da_cbpe,0.7984509228935803,,13536,0.12470449172576832
2024Q4,roc_auc,da_cbpe_hz,0.7984734639996245,,13536,0.12470449172576832
2024Q4,prevalence,reference,0.007775629430965301,,13536,0.12470449172576832
2024Q4,prevalence,recent_arrivals,0.02389809491601849,,13536,0.12470449172576832
2024Q4,prevalence,latest_complete_cohort,0.019432370237790847,,13536,0.12470449172576832
2024Q4,prevalence,cbpe,0.005820213299067969,,13536,0.12470449172576832
2024Q4,prevalence,atc,,,13536,0.12470449172576832
2024Q4,prevalence,doc,,,13536,0.12470449172576832
2024Q4,prevalence,da_cbpe,0.01607235773617053,,13536,0.12470449172576832
2024Q4,prevalence,da_cbpe_hz,0.015937524181146086,,13536,0.12470449172576832
2025Q1,roc_auc,reference,0.8191132911091004,,11204,0.1569975008925384
2025Q1,roc_auc,recent_arrivals,0.7557071426451824,,11204,0.1569975008925384
2025Q1,roc_auc,latest_complete_cohort,0.7794270558114323,,11204,0.1569975008925384
2025Q1,roc_auc,cbpe,0.7883969608045204,,11204,0.1569975008925384
2025Q1,roc_auc,atc,,,11204,0.1569975008925384
2025Q1,roc_auc,doc,,,11204,0.1569975008925384
2025Q1,roc_auc,da_cbpe,0.7862978874026503,,11204,0.1569975008925384
2025Q1,roc_auc,da_cbpe_hz,0.7865143599711585,,11204,0.1569975008925384
2025Q1,prevalence,reference,0.007775629430965301,,11204,0.1569975008925384
2025Q1,prevalence,recent_arrivals,0.020918678636799443,,11204,0.1569975008925384
2025Q1,prevalence,latest_complete_cohort,0.020833333333333332,,11204,0.1569975008925384
2025Q1,prevalence,cbpe,0.006344353708149487,,11204,0.1569975008925384
2025Q1,prevalence,atc,,,11204,0.1569975008925384
2025Q1,prevalence,doc,,,11204,0.1569975008925384
2025Q1,prevalence,da_cbpe,0.01895955460924292,,11204,0.1569975008925384
2025Q1,prevalence,da_cbpe_hz,0.017609122667869237,,11204,0.1569975008925384
2025Q2,roc_auc,reference,0.8191132911091004,,13010,0.12736356648731745
2025Q2,roc_auc,recent_arrivals,0.8064275157091658,,13010,0.12736356648731745
2025Q2,roc_auc,latest_complete_cohort,0.7738894473564539,,13010,0.12736356648731745
2025Q2,roc_auc,cbpe,0.7859300120466189,,13010,0.12736356648731745
2025Q2,roc_auc,atc,,,13010,0.12736356648731745
2025Q2,roc_auc,doc,,,13010,0.12736356648731745
2025Q2,roc_auc,da_cbpe,0.7842434565026752,,13010,0.12736356648731745
2025Q2,roc_auc,da_cbpe_hz,0.7847106827747572,,13010,0.12736356648731745
2025Q2,prevalence,reference,0.007775629430965301,,13010,0.12736356648731745
2025Q2,prevalence,recent_arrivals,0.013688760806916427,,13010,0.12736356648731745
2025Q2,prevalence,latest_complete_cohort,0.016987036209208762,,13010,0.12736356648731745
2025Q2,prevalence,cbpe,0.006193258596626211,,13010,0.12736356648731745
2025Q2,prevalence,atc,,,13010,0.12736356648731745
2025Q2,prevalence,doc,,,13010,0.12736356648731745
2025Q2,prevalence,da_cbpe,0.015326843042550995,,13010,0.12736356648731745
2025Q2,prevalence,da_cbpe_hz,0.012680089261151628,,13010,0.12736356648731745
2025Q3,roc_auc,reference,0.8191132911091004,,12166,0.08630609896432681
2025Q3,roc_auc,recent_arrivals,0.7926505828877461,,12166,0.08630609896432681
2025Q3,roc_auc,latest_complete_cohort,0.7759824915348222,,12166,0.08630609896432681
2025Q3,roc_auc,cbpe,0.782194988949584,,12166,0.08630609896432681
2025Q3,roc_auc,atc,,,12166,0.08630609896432681
2025Q3,roc_auc,doc,,,12166,0.08630609896432681
2025Q3,roc_auc,da_cbpe,0.7808253386613805,,12166,0.08630609896432681
2025Q3,roc_auc,da_cbpe_hz,0.7812229507289464,,12166,0.08630609896432681
2025Q3,prevalence,reference,0.007775629430965301,,12166,0.08630609896432681
2025Q3,prevalence,recent_arrivals,0.013992840872111943,,12166,0.08630609896432681
2025Q3,prevalence,latest_complete_cohort,0.016751157152303284,,12166,0.08630609896432681
2025Q3,prevalence,cbpe,0.006218924328185501,,12166,0.08630609896432681
2025Q3,prevalence,atc,,,12166,0.08630609896432681
2025Q3,prevalence,doc,,,12166,0.08630609896432681
2025Q3,prevalence,da_cbpe,0.013862658951742185,,12166,0.08630609896432681
2025Q3,prevalence,da_cbpe_hz,0.011493466561285134,,12166,0.08630609896432681
2025Q4,roc_auc,reference,0.8191132911091004,,13176,0.029675166970248936
2025Q4,roc_auc,recent_arrivals,0.7642873566291474,,13176,0.029675166970248936
2025Q4,roc_auc,latest_complete_cohort,0.7607896043485078,,13176,0.029675166970248936
2025Q4,roc_auc,cbpe,0.7920751746356249,,13176,0.029675166970248936
2025Q4,roc_auc,atc,,,13176,0.029675166970248936
2025Q4,roc_auc,doc,,,13176,0.029675166970248936
2025Q4,roc_auc,da_cbpe,0.79090461090355,,13176,0.029675166970248936
2025Q4,roc_auc,da_cbpe_hz,0.7912414689266513,,13176,0.029675166970248936
2025Q4,prevalence,reference,0.007775629430965301,,13176,0.029675166970248936
2025Q4,prevalence,recent_arrivals,0.013471626132570339,,13176,0.029675166970248936
2025Q4,prevalence,latest_complete_cohort,0.018518518518518517,,13176,0.029675166970248936
2025Q4,prevalence,cbpe,0.005358469729280091,,13176,0.029675166970248936
2025Q4,prevalence,atc,,,13176,0.029675166970248936
2025Q4,prevalence,doc,,,13176,0.029675166970248936
2025Q4,prevalence,da_cbpe,0.01046277815091001,,13176,0.029675166970248936
2025Q4,prevalence,da_cbpe_hz,0.00874037482666405,,13176,0.029675166970248936
2026Q1,roc_auc,reference,0.8191132911091004,,14067,0.00490509703561527
2026Q1,roc_auc,recent_arrivals,0.7661166099597898,,14067,0.00490509703561527
2026Q1,roc_auc,latest_complete_cohort,0.7984002191940146,,14067,0.00490509703561527
2026Q1,roc_auc,cbpe,0.8018453990192027,,14067,0.00490509703561527
2026Q1,roc_auc,atc,,,14067,0.00490509703561527
2026Q1,roc_auc,doc,,,14067,0.00490509703561527
2026Q1,roc_auc,da_cbpe,0.8010440099800972,,14067,0.00490509703561527
2026Q1,roc_auc,da_cbpe_hz,0.8012824898689505,,14067,0.00490509703561527
2026Q1,prevalence,reference,0.007775629430965301,,14067,0.00490509703561527
2026Q1,prevalence,recent_arrivals,0.01286511853709847,,14067,0.00490509703561527
2026Q1,prevalence,latest_complete_cohort,0.020259128386336867,,14067,0.00490509703561527
2026Q1,prevalence,cbpe,0.004860807622656148,,14067,0.00490509703561527
2026Q1,prevalence,atc,,,14067,0.00490509703561527
2026Q1,prevalence,doc,,,14067,0.00490509703561527
2026Q1,prevalence,da_cbpe,0.0072070110069718495,,14067,0.00490509703561527
2026Q1,prevalence,da_cbpe_hz,0.0061336201481434665,,14067,0.00490509703561527
2026Q2,roc_auc,reference,0.8191132911091004,,6352,0.00015743073047858942
2026Q2,roc_auc,recent_arrivals,,,6352,0.00015743073047858942
2026Q2,roc_auc,latest_complete_cohort,0.7984002191940146,,6352,0.00015743073047858942
2026Q2,roc_auc,cbpe,0.8097606310204191,,6352,0.00015743073047858942
2026Q2,roc_auc,atc,,,6352,0.00015743073047858942
2026Q2,roc_auc,doc,,,6352,0.00015743073047858942
2026Q2,roc_auc,da_cbpe,0.8097141858936676,,6352,0.00015743073047858942
2026Q2,roc_auc,da_cbpe_hz,0.8096062325233303,,6352,0.00015743073047858942
2026Q2,prevalence,reference,0.007775629430965301,,6352,0.00015743073047858942
2026Q2,prevalence,recent_arrivals,,,6352,0.00015743073047858942
2026Q2,prevalence,latest_complete_cohort,0.020259128386336867,,6352,0.00015743073047858942
2026Q2,prevalence,cbpe,0.004771188249308534,,6352,0.00015743073047858942
2026Q2,prevalence,atc,,,6352,0.00015743073047858942
2026Q2,prevalence,doc,,,6352,0.00015743073047858942
2026Q2,prevalence,da_cbpe,0.0036267448248271518,,6352,0.00015743073047858942
2026Q2,prevalence,da_cbpe_hz,0.004083742412484316,,6352,0.00015743073047858942
